ID	mediopago	sexo	propietariovivienda	sueldo	RANGOSUELDO	edad	RANGOEDAD	vegetales	carne	leche	vegetaleslata	carnelata	congelados	cerveza	vino	refrescos	pescado	dulces	congelados_cerveza
52359	CHEQUE	F	NO	10300	1	16	1	T	F	F	F	F	T	F	T	F	T	F	F
11966	CARD	M	NO	10400	1	16	1	T	F	T	F	F	F	F	F	F	T	T	F
58768	CHEQUE	F	YES	10800	1	16	1	F	F	F	F	F	F	F	T	T	F	F	F
51979	CARD	M	YES	11100	1	16	1	F	F	F	T	T	T	T	F	F	F	T	T
99457	CARD	F	NO	11700	1	16	1	T	T	F	T	F	F	F	F	F	T	F	F
103385	CASH	M	NO	12500	1	16	1	T	T	F	T	F	T	T	F	F	T	F	T
40789	CASH	F	NO	12800	1	16	1	T	F	T	F	F	F	F	F	F	T	T	F
62175	CASH	M	NO	13300	1	16	1	T	T	F	T	T	T	T	F	F	T	F	T
27720	CARD	F	NO	13400	1	16	1	F	F	F	F	F	T	F	F	F	T	F	F
56034	CASH	M	NO	14100	1	16	1	T	T	F	T	F	T	T	F	F	T	F	T
69110	CASH	M	NO	14800	1	16	1	T	F	F	T	T	T	T	T	F	T	T	T
52421	CARD	M	NO	15000	1	16	1	T	F	F	T	T	T	T	T	T	T	F	T
101031	CARD	M	YES	15100	1	16	1	F	F	F	T	F	T	T	F	F	F	F	T
89460	CASH	M	YES	15300	1	16	1	T	F	F	T	F	T	T	F	F	F	T	T
28081	CARD	M	NO	15400	1	16	1	T	T	F	F	T	F	T	F	F	T	T	F
89559	CHEQUE	F	NO	15400	1	16	1	T	T	F	F	T	F	F	F	F	T	F	F
15099	CARD	M	NO	15700	1	16	1	T	F	F	T	F	T	T	F	F	T	F	T
50961	CASH	F	YES	16600	1	16	1	F	F	F	F	F	F	T	F	F	F	F	F
90911	CASH	F	NO	17100	1	16	1	T	T	F	F	F	T	F	F	F	F	F	F
100754	CHEQUE	F	NO	17100	1	16	1	T	F	F	T	F	T	F	F	F	T	F	F
47341	CARD	M	NO	20300	2	16	1	T	F	F	F	F	T	F	F	F	T	T	F
67799	CARD	F	NO	21300	2	16	1	T	F	F	F	F	T	F	F	F	T	T	F
36631	CASH	M	YES	22100	2	16	1	F	F	F	F	F	F	F	F	F	F	F	F
16350	CARD	F	YES	22900	2	16	1	T	T	F	F	F	F	F	F	F	F	F	F
93469	CHEQUE	M	NO	24800	2	16	1	T	F	T	T	T	T	F	F	T	T	F	F
29224	CARD	F	NO	24900	2	16	1	T	F	F	F	T	F	T	T	F	T	T	F
37523	CARD	F	NO	25200	2	16	1	T	T	T	T	F	F	F	T	T	T	F	F
72902	CASH	F	YES	25300	2	16	1	F	F	T	F	F	F	F	T	T	F	T	F
29483	CHEQUE	M	YES	25400	2	16	1	T	F	F	F	F	F	F	F	F	F	F	F
16287	CASH	F	NO	25800	2	16	1	T	F	F	F	F	F	F	T	T	F	T	F
17201	CARD	M	NO	26100	2	16	1	T	F	F	T	F	F	F	T	F	T	F	F
32594	CARD	F	YES	26200	2	16	1	F	F	F	F	F	F	F	F	F	F	F	F
31011	CARD	M	NO	27100	2	16	1	T	F	F	T	F	T	T	T	F	T	F	T
38723	CHEQUE	F	NO	28400	2	16	1	T	F	F	F	F	F	T	F	T	T	F	F
45102	CASH	M	NO	28800	2	16	1	T	F	F	F	F	T	F	F	F	T	F	F
50324	CASH	M	YES	28900	2	16	1	F	T	F	F	F	F	F	F	T	T	F	F
38063	CASH	F	NO	29400	2	16	1	T	F	F	F	F	F	F	T	F	T	T	F
76264	CHEQUE	M	NO	29700	2	16	1	T	T	F	F	F	F	F	F	F	T	F	F
18953	CARD	F	NO	11000	1	17	1	T	F	F	F	T	F	F	F	F	T	T	F
99849	CASH	F	YES	11400	1	17	1	T	F	T	F	F	F	F	F	F	F	F	F
31828	CARD	M	NO	12000	1	17	1	F	F	T	F	T	F	F	F	F	T	F	F
18724	CASH	F	NO	13500	1	17	1	F	F	T	F	F	F	T	F	F	F	F	F
42778	CASH	M	YES	15500	1	17	1	F	F	T	T	F	T	T	F	T	F	F	T
30239	CARD	M	YES	16100	1	17	1	T	F	T	F	F	F	F	F	T	F	F	F
94341	CARD	M	NO	16300	1	17	1	F	F	F	T	F	T	T	T	F	F	F	T
79446	CASH	M	YES	17000	1	17	1	F	F	F	F	F	F	F	F	F	F	F	F
82796	CARD	F	YES	17800	1	17	1	F	F	F	F	T	F	F	F	F	F	F	F
85860	CASH	F	YES	18400	1	17	1	F	T	T	F	T	F	F	F	F	F	T	F
72900	CARD	M	NO	18700	1	17	1	T	F	T	F	F	F	F	F	F	T	F	F
39715	CASH	M	YES	20200	2	17	1	T	F	F	F	F	F	F	F	F	F	F	F
86983	CARD	F	NO	20200	2	17	1	T	T	F	F	T	F	F	T	F	T	T	F
89425	CHEQUE	M	NO	20300	2	17	1	T	F	F	T	F	F	T	F	F	T	F	F
63979	CARD	M	YES	20400	2	17	1	F	F	F	F	T	F	T	F	T	F	F	F
92209	CHEQUE	F	YES	22700	2	17	1	F	T	T	F	T	F	F	F	F	F	F	F
92125	CARD	F	NO	22800	2	17	1	F	F	F	T	F	F	F	F	F	F	F	F
31552	CARD	M	YES	23700	2	17	1	T	F	T	F	F	F	F	F	F	F	T	F
54981	CASH	M	YES	24800	2	17	1	F	F	F	T	T	F	F	T	F	F	F	F
21875	CASH	F	NO	25000	2	17	1	T	F	F	F	F	F	F	T	F	T	F	F
14996	CASH	M	YES	26100	2	17	1	F	T	T	T	F	T	F	F	F	T	T	F
32444	CASH	F	NO	28200	2	17	1	T	F	T	F	F	F	F	F	F	T	F	F
81971	CASH	M	NO	28200	2	17	1	T	F	T	T	F	F	F	F	F	T	F	F
89233	CARD	F	YES	28400	2	17	1	F	T	F	F	F	F	F	F	F	F	F	F
84903	CARD	F	NO	29600	2	17	1	T	F	F	F	F	T	F	F	T	T	F	F
39081	CHEQUE	M	YES	10600	1	18	1	F	T	T	T	T	T	T	T	T	F	F	T
78363	CARD	M	YES	10600	1	18	1	T	F	F	T	F	T	T	T	F	F	F	T
70182	CARD	F	YES	12200	1	18	1	F	F	F	T	F	T	F	F	F	F	F	F
98204	CHEQUE	M	YES	12700	1	18	1	F	F	T	T	F	T	T	F	F	F	F	T
20556	CARD	M	NO	13900	1	18	1	T	F	F	F	F	F	T	F	F	T	F	F
109884	CARD	F	NO	15100	1	18	1	T	F	F	F	T	T	F	F	T	T	T	F
36190	CHEQUE	M	YES	15500	1	18	1	F	F	F	T	F	T	T	F	T	F	F	T
34756	CARD	F	YES	15900	1	18	1	F	F	F	F	F	F	F	F	F	F	F	F
93920	CARD	M	YES	16100	1	18	1	F	T	F	T	F	T	T	T	F	F	F	T
59349	CARD	M	YES	16200	1	18	1	T	F	F	T	F	T	T	F	T	F	F	T
44294	CASH	M	NO	16300	1	18	1	F	F	T	T	F	T	T	F	F	F	F	T
28597	CARD	M	YES	16400	1	18	1	F	F	F	T	T	T	T	F	F	F	F	T
28994	CASH	F	NO	18500	1	18	1	T	F	F	F	T	F	F	F	F	T	F	F
34529	CARD	F	NO	19800	1	18	1	T	F	F	F	T	F	F	F	F	T	T	F
74423	CASH	F	YES	20000	2	18	1	F	F	F	F	F	F	T	F	F	F	F	F
108718	CASH	M	YES	21600	2	18	1	F	F	F	F	F	F	T	F	F	T	F	F
72979	CHEQUE	M	YES	23200	2	18	1	F	F	F	F	F	T	F	F	T	F	T	F
73004	CHEQUE	M	YES	23800	2	18	1	F	F	F	F	F	F	F	T	F	F	F	F
90264	CARD	M	NO	24300	2	18	1	T	F	F	F	F	F	F	F	F	T	F	F
68489	CHEQUE	F	YES	24900	2	18	1	F	F	F	F	F	T	F	F	F	T	F	F
91972	CARD	F	NO	26700	2	18	1	T	F	F	F	F	T	F	T	F	T	T	F
59480	CASH	F	NO	27100	2	18	1	T	T	T	T	F	F	F	T	F	T	F	F
109224	CHEQUE	M	NO	27500	2	18	1	T	F	F	F	F	F	T	F	F	T	F	F
37939	CARD	M	YES	28300	2	18	1	T	T	F	F	T	F	F	F	T	F	F	F
17864	CHEQUE	F	NO	28900	2	18	1	T	F	T	F	F	F	F	T	F	T	T	F
71690	CASH	F	NO	29300	2	18	1	T	F	F	F	F	F	T	F	T	T	F	F
29944	CASH	M	NO	29800	2	18	1	T	F	F	F	F	T	T	F	T	T	F	T
97267	CHEQUE	F	YES	10200	1	19	1	F	F	F	F	F	F	F	F	F	T	T	F
91074	CARD	F	NO	11600	1	19	1	F	F	F	T	F	T	F	F	F	F	F	F
38097	CASH	M	NO	11700	1	19	1	T	F	F	T	T	T	T	T	F	T	F	T
10451	CHEQUE	M	NO	12500	1	19	1	F	F	F	T	F	T	T	F	F	F	T	T
13564	CHEQUE	F	YES	12900	1	19	1	F	F	T	F	F	F	F	F	F	F	F	F
25668	CHEQUE	F	YES	13500	1	19	1	F	F	F	F	F	F	F	T	F	F	T	F
18126	CARD	F	NO	14200	1	19	1	T	F	F	T	F	F	F	T	T	T	F	F
91928	CARD	F	NO	14300	1	19	1	T	F	F	F	T	F	F	T	T	T	T	F
14692	CARD	F	YES	14400	1	19	1	F	F	F	T	F	F	F	T	F	F	F	F
11565	CASH	F	NO	16400	1	19	1	F	T	T	T	F	F	F	T	F	T	F	F
79303	CASH	M	NO	17000	1	19	1	T	F	T	F	F	F	F	F	F	T	F	F
13893	CARD	F	YES	17200	1	19	1	F	T	F	T	T	T	F	F	F	T	F	F
81851	CARD	F	NO	17600	1	19	1	T	F	T	F	F	F	F	F	F	T	T	F
13722	CARD	M	NO	18100	1	19	1	T	T	T	F	F	F	T	F	F	T	F	F
36405	CHEQUE	F	YES	18400	1	19	1	F	F	F	F	F	T	T	F	T	F	F	T
37366	CASH	M	NO	18800	1	19	1	T	F	T	F	T	F	F	F	F	T	F	F
98809	CARD	F	NO	20700	2	19	1	T	F	F	F	F	T	T	T	F	T	T	T
104630	CARD	F	YES	23800	2	19	1	T	F	F	F	F	F	F	T	F	F	T	F
55091	CASH	M	NO	24400	2	19	1	F	F	F	F	T	F	T	F	F	F	F	F
106531	CASH	M	NO	24500	2	19	1	T	F	F	F	F	T	F	F	F	T	F	F
89209	CHEQUE	M	YES	25400	2	19	1	F	F	F	F	F	F	F	T	F	F	F	F
49769	CARD	M	YES	26300	2	19	1	F	T	F	F	F	F	F	F	F	F	F	F
65088	CHEQUE	M	NO	27000	2	19	1	T	T	F	F	F	F	F	F	F	T	T	F
68006	CARD	M	YES	27800	2	19	1	F	T	F	F	F	F	F	F	F	F	F	F
58188	CARD	M	NO	29900	2	19	1	T	F	F	F	T	F	F	F	F	T	F	F
70336	CASH	F	YES	12200	1	20	2	T	F	T	F	F	F	F	F	F	F	F	F
60820	CASH	F	NO	12300	1	20	2	F	F	F	T	F	F	F	F	F	F	F	F
104111	CARD	F	YES	12300	1	20	2	F	F	T	F	F	F	F	F	F	T	T	F
73441	CARD	F	NO	12800	1	20	2	T	F	F	F	T	F	F	F	F	T	F	F
10645	CARD	M	YES	13300	1	20	2	T	T	F	T	F	T	T	F	F	F	F	T
10360	CHEQUE	M	NO	13400	1	20	2	F	F	F	T	F	T	T	F	F	T	F	T
93891	CARD	F	NO	13900	1	20	2	T	F	F	F	F	F	F	F	F	T	F	F
55652	CARD	M	NO	14100	1	20	2	T	F	F	T	F	T	T	F	F	T	F	T
15882	CASH	M	YES	14700	1	20	2	F	F	F	T	F	T	T	F	F	F	F	T
50064	CARD	M	NO	15400	1	20	2	T	F	T	T	F	T	T	F	F	T	F	T
109672	CARD	M	YES	15600	1	20	2	F	F	F	T	F	T	T	T	F	F	F	T
22316	CASH	F	YES	18000	1	20	2	F	F	F	T	T	F	F	T	T	F	F	F
23784	CASH	F	YES	18500	1	20	2	F	F	T	F	F	F	F	F	F	F	F	F
32380	CARD	F	YES	18900	1	20	2	T	F	F	T	F	F	F	T	F	F	F	F
98023	CARD	F	YES	20200	2	20	2	F	F	F	F	F	T	F	F	F	T	F	F
109425	CARD	F	YES	20300	2	20	2	F	F	F	F	T	F	F	T	F	F	F	F
38645	CASH	F	YES	21900	2	20	2	T	F	F	F	T	F	T	T	F	T	T	F
88549	CARD	M	NO	22600	2	20	2	T	F	F	F	F	T	F	F	T	T	F	F
103139	CASH	F	YES	24400	2	20	2	F	T	F	T	F	F	F	T	F	F	F	F
103485	CASH	M	YES	25200	2	20	2	F	F	F	F	F	F	T	F	F	F	F	F
17809	CARD	M	YES	27100	2	20	2	F	F	F	F	F	F	F	F	F	F	T	F
87703	CASH	M	NO	27200	2	20	2	T	F	F	F	T	F	F	F	F	T	T	F
18331	CARD	F	YES	27400	2	20	2	T	F	F	F	F	T	F	T	F	F	T	F
35904	CHEQUE	F	NO	28400	2	20	2	T	F	T	T	F	F	F	T	T	T	T	F
104554	CASH	M	NO	10900	1	21	2	T	F	F	T	F	T	T	F	F	T	F	T
28110	CARD	M	YES	12100	1	21	2	F	F	F	F	F	T	F	F	F	F	F	F
81825	CARD	F	NO	12300	1	21	2	T	F	T	F	F	F	F	F	F	T	F	F
81616	CARD	F	YES	12700	1	21	2	T	F	F	T	T	F	F	F	F	F	T	F
51846	CARD	F	NO	14000	1	21	2	T	F	F	F	F	F	F	F	F	T	F	F
29107	CASH	F	NO	15500	1	21	2	F	F	F	F	T	T	F	F	F	F	F	F
19915	CASH	F	NO	15700	1	21	2	T	F	F	F	T	F	F	F	F	T	F	F
109376	CASH	M	YES	16400	1	21	2	F	F	F	F	F	F	F	T	F	F	F	F
19209	CARD	M	YES	16900	1	21	2	T	T	F	T	F	T	T	F	F	F	F	T
84799	CARD	M	YES	17600	1	21	2	F	T	F	F	T	F	F	F	F	F	F	F
91117	CARD	M	NO	17800	1	21	2	T	F	F	F	F	F	F	F	F	T	F	F
47330	CASH	F	YES	18800	1	21	2	T	F	F	F	F	T	F	T	F	F	T	F
88359	CARD	F	YES	19100	1	21	2	T	T	F	F	F	F	F	F	F	F	T	F
63420	CHEQUE	M	NO	19500	1	21	2	T	F	T	F	F	T	F	F	F	T	F	F
80297	CHEQUE	F	NO	19500	1	21	2	T	F	F	F	F	F	F	F	F	T	F	F
28979	CHEQUE	F	YES	20100	2	21	2	F	F	F	T	F	F	F	T	F	F	T	F
107714	CARD	F	YES	20200	2	21	2	T	T	T	F	T	F	F	F	T	F	F	F
103749	CARD	F	YES	21000	2	21	2	F	F	T	F	F	F	F	F	F	T	F	F
83127	CHEQUE	M	NO	21100	2	21	2	T	F	F	F	F	F	F	F	F	T	F	F
20260	CHEQUE	M	YES	21300	2	21	2	F	F	F	T	F	F	F	F	F	F	T	F
49632	CARD	M	NO	21700	2	21	2	F	F	F	T	T	F	F	F	F	T	T	F
69965	CARD	M	NO	22300	2	21	2	T	F	T	F	F	F	T	F	F	T	F	F
32369	CHEQUE	M	YES	23500	2	21	2	F	F	F	T	F	F	F	F	F	F	T	F
38608	CARD	M	YES	24400	2	21	2	F	T	F	F	F	F	T	F	F	F	F	F
61011	CASH	M	YES	25000	2	21	2	F	F	F	F	F	F	T	F	F	F	T	F
61159	CARD	M	NO	25000	2	21	2	T	T	F	F	T	F	F	F	T	T	F	F
93963	CARD	M	YES	25100	2	21	2	F	T	F	F	F	F	F	F	F	F	F	F
66267	CASH	F	NO	27300	2	21	2	T	T	T	F	F	F	T	T	F	T	T	F
109504	CARD	M	YES	27400	2	21	2	F	T	T	F	F	F	F	F	F	F	T	F
83500	CARD	M	YES	28300	2	21	2	F	F	F	T	T	F	F	F	F	T	T	F
33167	CASH	F	NO	28600	2	21	2	F	F	F	F	F	T	T	F	F	F	F	T
19193	CARD	M	NO	28700	2	21	2	F	F	F	F	F	F	F	T	T	F	T	F
95896	CARD	M	YES	29100	2	21	2	F	F	F	F	F	F	F	T	F	F	F	F
10987	CASH	F	YES	29300	2	21	2	T	F	T	F	F	F	F	T	F	F	T	F
39884	CASH	M	NO	29700	2	21	2	F	F	F	F	F	F	F	T	F	F	F	F
26061	CASH	M	NO	11000	1	22	2	T	T	F	T	T	T	T	F	F	T	F	T
85259	CARD	F	YES	11000	1	22	2	T	F	F	F	F	T	T	F	F	F	F	T
83536	CASH	F	NO	11600	1	22	2	F	F	F	F	F	F	T	F	T	T	F	F
73651	CASH	M	YES	11700	1	22	2	T	T	F	F	F	F	F	F	F	F	F	F
10915	CARD	F	NO	13500	1	22	2	T	F	T	F	T	T	F	F	F	T	F	F
11241	CHEQUE	M	NO	13500	1	22	2	T	T	F	T	F	T	T	F	F	T	F	T
106649	CARD	F	NO	13700	1	22	2	T	F	F	F	F	F	T	F	F	T	F	F
39970	CHEQUE	M	YES	13900	1	22	2	F	F	F	T	F	T	T	F	F	F	F	T
106522	CHEQUE	M	YES	14500	1	22	2	F	F	F	T	F	T	T	F	F	F	F	T
64239	CARD	M	YES	15800	1	22	2	F	F	F	T	F	T	T	T	T	F	F	T
103168	CARD	F	YES	15900	1	22	2	T	F	F	T	F	F	T	T	T	F	T	F
24534	CARD	F	YES	17000	1	22	2	T	F	F	F	F	F	F	F	T	F	T	F
63138	CHEQUE	M	NO	17100	1	22	2	T	F	F	F	F	T	F	F	F	T	F	F
48896	CASH	F	YES	17200	1	22	2	F	F	F	F	F	F	F	F	F	F	F	F
109000	CASH	F	YES	17800	1	22	2	F	F	F	T	T	F	F	T	T	F	F	F
35262	CHEQUE	M	YES	18100	1	22	2	T	F	F	T	F	F	T	T	F	F	F	F
88972	CASH	M	NO	19200	1	22	2	T	F	F	F	F	F	F	T	F	T	F	F
77232	CHEQUE	M	NO	19600	1	22	2	T	F	T	F	F	F	F	F	F	T	F	F
84148	CHEQUE	F	NO	20900	2	22	2	T	F	F	F	F	F	T	T	F	T	T	F
17133	CARD	M	YES	21700	2	22	2	T	F	F	F	F	T	F	T	T	F	F	F
17375	CHEQUE	M	YES	21800	2	22	2	F	F	F	F	T	F	F	F	F	F	F	F
87953	CARD	M	YES	22500	2	22	2	F	F	F	F	T	T	F	F	F	T	F	F
16316	CHEQUE	M	NO	23300	2	22	2	T	F	T	F	F	T	F	F	F	T	F	F
106122	CASH	M	YES	23700	2	22	2	F	F	T	F	F	F	F	T	F	F	F	F
78113	CASH	F	YES	23800	2	22	2	T	F	F	T	F	F	F	T	F	F	F	F
18464	CARD	M	YES	24300	2	22	2	F	F	F	T	F	F	F	F	F	F	F	F
38765	CASH	M	YES	24400	2	22	2	F	F	F	F	F	F	T	F	F	F	F	F
42524	CHEQUE	F	NO	25700	2	22	2	T	T	T	F	F	F	F	F	T	T	F	F
98635	CASH	F	YES	26700	2	22	2	F	T	F	F	F	F	F	T	F	F	T	F
83650	CASH	F	YES	27000	2	22	2	F	F	F	F	F	F	F	F	F	T	F	F
100393	CASH	M	NO	27200	2	22	2	T	F	F	T	F	F	F	F	F	T	T	F
82558	CARD	F	YES	27500	2	22	2	F	T	F	F	F	F	T	T	T	F	F	F
32392	CARD	M	NO	27600	2	22	2	T	F	F	F	F	F	F	F	F	T	F	F
54313	CASH	M	NO	27600	2	22	2	T	F	F	F	F	F	F	F	T	T	T	F
85182	CARD	M	NO	27600	2	22	2	T	T	F	F	F	F	F	F	T	T	F	F
82173	CASH	F	NO	27800	2	22	2	T	F	F	F	T	F	T	F	F	T	F	F
29310	CASH	M	YES	28900	2	22	2	F	F	F	F	F	F	F	T	T	F	F	F
68058	CASH	F	NO	29000	2	22	2	T	F	T	F	F	F	F	T	F	T	T	F
41792	CASH	M	NO	29600	2	22	2	T	F	F	F	F	F	F	F	F	T	F	F
82096	CASH	M	NO	10500	1	23	2	T	F	F	T	F	T	T	F	F	T	T	T
105829	CHEQUE	F	YES	10900	1	23	2	F	T	F	F	F	T	F	F	F	F	F	F
21814	CARD	M	NO	12200	1	23	2	F	F	F	T	T	T	T	F	F	F	F	T
106288	CHEQUE	F	YES	12300	1	23	2	F	F	F	T	F	F	F	F	F	F	T	F
50104	CASH	M	NO	13800	1	23	2	T	F	F	F	F	F	T	F	F	T	F	F
51916	CASH	F	NO	14000	1	23	2	F	F	T	F	T	F	T	F	T	F	F	F
24258	CARD	F	YES	14300	1	23	2	F	F	F	F	F	F	F	F	F	F	F	F
87101	CHEQUE	M	NO	15000	1	23	2	T	F	F	F	T	T	F	F	F	T	T	F
91055	CARD	F	YES	15200	1	23	2	F	F	T	F	F	F	F	F	T	F	F	F
30132	CASH	M	NO	15700	1	23	2	T	F	T	T	F	T	T	F	F	T	F	T
55418	CARD	F	YES	16800	1	23	2	T	F	F	F	F	F	F	F	F	F	F	F
46471	CHEQUE	M	YES	17100	1	23	2	F	F	F	F	F	F	F	F	F	F	F	F
103446	CARD	M	YES	17100	1	23	2	F	F	T	F	T	F	F	F	F	F	F	F
102645	CARD	F	YES	17200	1	23	2	F	F	F	T	T	F	F	F	F	F	F	F
38468	CARD	F	YES	18300	1	23	2	F	F	F	F	F	F	F	F	F	F	F	F
10717	CARD	M	NO	18900	1	23	2	T	T	F	F	F	F	F	F	F	T	F	F
12582	CASH	M	NO	19600	1	23	2	T	T	F	F	F	F	T	T	F	T	F	F
99292	CARD	F	NO	19800	1	23	2	T	T	F	F	F	F	F	F	T	T	F	F
46539	CHEQUE	M	NO	20400	2	23	2	T	F	T	F	T	F	F	F	F	T	F	F
75274	CARD	M	NO	20400	2	23	2	T	F	F	T	F	F	F	F	T	T	F	F
63880	CASH	F	NO	20800	2	23	2	T	F	F	F	T	F	F	F	F	T	F	F
19041	CARD	F	NO	21100	2	23	2	T	T	F	T	F	F	F	F	F	T	F	F
37166	CARD	F	NO	21600	2	23	2	T	F	F	F	F	F	T	F	F	T	F	F
63996	CHEQUE	F	NO	22600	2	23	2	F	F	F	T	F	F	F	F	F	T	F	F
17571	CARD	F	YES	22900	2	23	2	T	F	T	F	F	T	T	F	F	F	F	T
50142	CARD	M	YES	24500	2	23	2	F	F	F	F	F	F	F	T	F	F	F	F
53750	CHEQUE	F	YES	24800	2	23	2	F	F	F	F	F	F	F	T	F	F	T	F
71607	CASH	F	NO	25300	2	23	2	T	F	T	F	F	F	F	F	F	T	T	F
87066	CARD	M	YES	25400	2	23	2	F	F	T	F	F	F	F	F	F	T	F	F
100047	CHEQUE	F	NO	27000	2	23	2	T	F	F	T	F	F	F	F	F	T	F	F
90165	CHEQUE	F	YES	10700	1	24	2	F	F	F	T	F	F	F	F	F	F	F	F
91609	CARD	M	YES	11000	1	24	2	F	F	F	F	F	F	F	F	F	F	F	F
36191	CHEQUE	F	NO	11400	1	24	2	T	F	T	F	F	T	T	F	F	T	F	T
43401	CASH	M	NO	11600	1	24	2	T	F	F	T	F	T	T	F	F	T	F	T
85348	CHEQUE	F	YES	12400	1	24	2	F	F	F	F	T	F	F	F	F	F	F	F
65006	CASH	F	NO	12600	1	24	2	T	F	F	F	F	F	F	F	T	T	F	F
97377	CARD	F	NO	12700	1	24	2	F	F	F	F	F	F	T	F	F	F	F	F
35561	CASH	M	YES	13300	1	24	2	F	F	F	F	F	T	F	F	F	F	T	F
42583	CASH	F	YES	13300	1	24	2	F	F	F	F	F	F	F	F	F	F	F	F
97328	CASH	F	YES	14300	1	24	2	F	F	T	T	F	F	F	F	F	F	F	F
42927	CARD	F	YES	14600	1	24	2	F	F	F	F	F	F	F	F	F	F	F	F
21347	CHEQUE	F	YES	15900	1	24	2	F	F	F	F	T	T	F	F	F	F	T	F
58288	CARD	M	NO	16000	1	24	2	F	F	F	F	F	F	F	F	F	F	F	F
102733	CASH	F	NO	17200	1	24	2	T	F	F	F	F	F	F	F	F	T	T	F
43964	CASH	F	NO	18500	1	24	2	T	F	F	T	F	F	F	T	F	F	F	F
40743	CARD	M	YES	19200	1	24	2	F	F	T	F	F	F	F	F	F	F	F	F
54190	CASH	F	YES	19300	1	24	2	F	F	F	F	F	F	F	F	F	F	F	F
94015	CHEQUE	F	NO	20500	2	24	2	T	F	F	F	F	F	F	T	F	T	T	F
79001	CARD	F	YES	20600	2	24	2	F	F	F	F	F	F	F	T	F	T	T	F
23419	CASH	F	NO	21000	2	24	2	F	F	F	T	T	F	F	T	T	F	F	F
59352	CASH	F	YES	21300	2	24	2	F	F	F	F	F	F	F	T	F	T	T	F
98181	CASH	F	YES	21900	2	24	2	F	F	T	F	F	F	F	F	T	F	T	F
59439	CASH	M	YES	22000	2	24	2	T	F	F	F	F	F	T	F	F	F	F	F
30371	CARD	F	YES	23100	2	24	2	T	F	F	F	F	F	F	F	F	F	F	F
90562	CASH	M	YES	24300	2	24	2	F	F	F	T	T	F	F	F	F	T	F	F
104971	CHEQUE	F	YES	24900	2	24	2	F	F	F	F	F	F	F	T	T	F	T	F
72299	CHEQUE	F	YES	25800	2	24	2	T	F	F	F	F	F	T	F	T	T	F	F
69754	CASH	M	YES	25900	2	24	2	F	F	T	F	F	F	F	F	T	F	F	F
14759	CARD	M	YES	26600	2	24	2	F	F	T	T	F	F	F	F	T	F	F	F
20325	CARD	M	YES	26600	2	24	2	F	T	T	F	F	T	F	T	F	F	F	F
61144	CASH	F	NO	27400	2	24	2	T	F	T	F	F	F	F	F	T	T	F	F
89649	CHEQUE	F	NO	28200	2	24	2	T	F	F	F	F	F	F	F	F	T	T	F
25311	CARD	M	YES	29400	2	24	2	T	T	F	F	F	F	F	T	F	F	F	F
68193	CARD	F	YES	29600	2	24	2	T	F	F	F	F	F	F	F	F	F	F	F
20991	CARD	M	YES	10500	1	25	2	F	F	F	T	F	T	T	F	F	F	F	T
43557	CASH	F	YES	10800	1	25	2	T	F	F	F	F	F	F	F	F	F	F	F
28755	CHEQUE	F	YES	11000	1	25	2	F	F	F	F	F	F	F	F	F	T	T	F
68119	CHEQUE	F	YES	12900	1	25	2	F	F	F	F	T	F	F	F	T	F	T	F
40090	CHEQUE	F	YES	13200	1	25	2	F	F	F	T	F	T	F	F	F	F	F	F
62789	CASH	M	NO	14000	1	25	2	T	F	F	T	F	T	T	F	F	F	F	T
65425	CARD	F	YES	14300	1	25	2	F	F	T	F	F	F	T	F	F	F	F	F
78967	CHEQUE	M	YES	14500	1	25	2	F	F	F	T	F	T	T	F	F	F	F	T
102421	CASH	M	YES	14700	1	25	2	F	F	F	F	T	F	F	F	T	T	F	F
88886	CARD	M	YES	15300	1	25	2	F	F	F	T	F	F	F	F	F	F	F	F
89041	CHEQUE	M	NO	15900	1	25	2	F	F	F	T	F	T	T	F	F	F	F	T
41805	CASH	M	NO	16300	1	25	2	F	F	F	T	F	T	T	F	F	T	T	T
72298	CASH	M	YES	17600	1	25	2	F	F	F	F	F	F	T	F	F	F	F	F
81487	CHEQUE	M	NO	18500	1	25	2	F	F	T	F	F	T	T	F	F	F	F	T
50258	CASH	F	YES	19100	1	25	2	F	T	F	F	F	F	F	F	F	F	F	F
31046	CASH	F	YES	19700	1	25	2	T	F	F	T	T	T	T	F	F	T	F	T
33697	CASH	M	YES	19700	1	25	2	F	F	F	F	T	F	F	T	F	F	T	F
73630	CARD	F	NO	19800	1	25	2	F	F	F	T	T	F	F	T	F	F	F	F
93162	CARD	M	NO	20500	2	25	2	F	F	F	F	F	F	F	F	T	T	T	F
30390	CASH	M	YES	21400	2	25	2	F	F	F	F	F	F	F	F	T	F	F	F
57268	CASH	M	YES	22000	2	25	2	T	T	F	F	F	F	F	F	T	F	F	F
50647	CARD	M	YES	22100	2	25	2	F	F	F	T	F	F	F	F	F	F	F	F
38055	CARD	F	YES	22600	2	25	2	T	F	F	F	F	F	F	F	F	F	F	F
69401	CASH	F	NO	22700	2	25	2	T	F	F	F	T	F	F	T	F	F	T	F
51183	CASH	F	NO	23100	2	25	2	F	F	F	F	F	F	F	F	F	F	F	F
56097	CASH	F	YES	23400	2	25	2	F	F	F	F	F	F	F	T	F	F	T	F
52011	CASH	F	NO	24500	2	25	2	F	F	F	F	F	F	T	F	F	F	F	F
10614	CASH	M	NO	25900	2	25	2	F	F	F	F	F	F	F	F	T	F	F	F
33622	CASH	M	NO	26200	2	25	2	T	F	F	F	F	F	T	T	F	T	F	F
27371	CHEQUE	F	NO	26400	2	25	2	F	F	F	F	F	T	F	F	F	T	F	F
70014	CARD	M	NO	28700	2	25	2	F	F	F	T	F	F	F	T	F	F	F	F
47913	CHEQUE	F	NO	28900	2	25	2	F	F	T	F	F	F	F	T	F	F	T	F
34702	CARD	M	YES	29100	2	25	2	T	F	F	F	F	F	F	F	F	T	F	F
49085	CARD	M	NO	29400	2	25	2	F	F	F	F	F	F	F	T	F	T	T	F
93401	CARD	F	YES	29700	2	25	2	F	F	F	F	F	F	F	T	F	T	T	F
42037	CASH	M	NO	29900	2	25	2	F	F	F	F	T	F	F	F	F	F	F	F
25765	CHEQUE	F	YES	30000	3	25	2	F	F	F	F	F	F	F	T	F	F	T	F
37918	CASH	F	NO	10500	1	26	2	T	T	F	F	F	F	F	T	F	F	F	F
103473	CHEQUE	F	YES	12100	1	26	2	F	F	F	F	T	T	F	F	F	F	F	F
26748	CARD	F	NO	12200	1	26	2	F	F	T	F	F	F	F	T	F	F	F	F
103596	CARD	F	NO	12300	1	26	2	F	F	F	F	T	F	F	F	T	F	F	F
39914	CARD	F	YES	13700	1	26	2	T	F	T	F	F	F	F	F	F	F	F	F
107314	CASH	M	NO	15900	1	26	2	F	F	F	T	F	T	T	T	F	F	F	T
59590	CARD	M	YES	16200	1	26	2	F	F	T	T	F	T	T	F	T	F	F	T
87975	CARD	F	NO	17900	1	26	2	F	F	T	F	F	F	F	F	F	T	F	F
95488	CARD	F	NO	18100	1	26	2	T	F	T	F	F	F	F	F	F	F	F	F
62264	CARD	M	YES	18200	1	26	2	F	F	F	F	F	F	F	F	F	F	T	F
27664	CASH	F	YES	19500	1	26	2	T	F	T	F	T	T	F	F	T	T	F	F
91986	CASH	F	YES	19800	1	26	2	F	T	F	T	F	F	F	F	F	F	F	F
31083	CASH	F	NO	20700	2	26	2	T	T	F	T	F	F	F	T	T	T	T	F
28268	CASH	M	NO	21300	2	26	2	F	F	T	F	F	F	F	F	F	T	F	F
99164	CASH	M	NO	21600	2	26	2	F	F	T	F	F	F	F	F	T	F	T	F
11357	CASH	F	YES	23100	2	26	2	F	F	F	F	F	F	T	F	F	T	F	F
27890	CARD	M	YES	23900	2	26	2	F	T	F	F	F	T	F	F	F	F	F	F
103462	CASH	F	YES	24500	2	26	2	T	F	F	F	F	F	T	T	F	F	T	F
66117	CHEQUE	F	NO	27200	2	26	2	F	F	F	F	T	F	F	F	F	T	F	F
14891	CASH	F	NO	27400	2	26	2	F	F	F	T	F	F	F	F	F	F	F	F
36040	CASH	M	NO	28100	2	26	2	F	F	F	F	F	T	F	T	T	F	F	F
96333	CARD	M	NO	29600	2	26	2	F	F	F	T	F	F	F	F	F	F	F	F
108764	CASH	M	YES	10200	1	27	2	F	F	F	T	F	T	T	T	F	T	F	T
11220	CARD	M	YES	11400	1	27	2	F	F	F	T	F	T	T	F	F	F	T	T
43111	CASH	F	YES	11400	1	27	2	F	F	T	T	F	F	F	F	T	F	F	F
11119	CHEQUE	F	YES	12000	1	27	2	F	F	F	F	F	F	F	F	T	T	T	F
95887	CASH	M	NO	12500	1	27	2	F	F	F	T	T	T	T	F	T	F	F	T
12938	CHEQUE	F	NO	12600	1	27	2	F	F	F	T	F	T	F	F	T	F	F	F
50551	CARD	F	NO	13500	1	27	2	T	F	T	T	F	T	F	F	T	F	F	F
100918	CASH	M	YES	13900	1	27	2	F	F	F	T	T	T	T	F	F	F	F	T
84042	CASH	M	NO	14200	1	27	2	F	T	F	T	T	T	T	F	F	F	F	T
38360	CASH	F	YES	14700	1	27	2	F	F	F	T	F	F	F	F	F	F	F	F
80306	CASH	F	NO	15200	1	27	2	F	F	T	F	T	T	T	T	F	F	F	T
56885	CHEQUE	M	NO	15500	1	27	2	F	T	F	T	T	T	T	F	T	F	T	T
53959	CASH	F	YES	16800	1	27	2	F	T	T	F	F	F	T	F	T	F	T	F
29640	CASH	F	NO	17800	1	27	2	F	F	F	T	T	T	F	T	F	F	F	F
50150	CASH	F	NO	18800	1	27	2	T	F	F	F	F	F	F	T	T	T	F	F
89958	CASH	F	YES	19400	1	27	2	F	F	T	F	T	T	F	F	F	T	T	F
46419	CARD	F	NO	20000	2	27	2	F	F	F	F	F	F	F	F	F	F	T	F
33056	CHEQUE	M	NO	23500	2	27	2	F	F	F	F	F	F	F	F	F	F	F	F
99578	CARD	M	NO	24300	2	27	2	F	F	F	F	T	F	F	F	T	F	T	F
92883	CARD	F	NO	24500	2	27	2	T	F	F	F	F	F	F	F	F	F	F	F
86612	CARD	M	YES	24900	2	27	2	F	T	F	F	F	F	F	F	F	F	F	F
93467	CARD	F	NO	25200	2	27	2	F	F	F	F	F	F	F	F	F	F	F	F
72454	CASH	F	YES	25900	2	27	2	F	F	F	F	F	F	T	T	F	F	T	F
106004	CASH	M	YES	26200	2	27	2	F	F	F	F	F	F	F	T	T	F	F	F
55629	CASH	M	YES	27100	2	27	2	F	F	F	F	F	F	F	F	F	T	F	F
31384	CARD	M	NO	27500	2	27	2	F	F	F	T	F	F	F	F	F	F	F	F
58485	CHEQUE	M	NO	28000	2	27	2	T	F	F	F	F	T	F	F	F	F	T	F
11553	CASH	M	NO	28300	2	27	2	F	F	F	F	F	F	F	F	F	F	T	F
21543	CHEQUE	F	NO	28900	2	27	2	F	F	F	T	F	T	F	T	T	F	F	F
76145	CARD	F	NO	29800	2	27	2	F	T	F	F	T	F	F	F	F	F	F	F
94231	CASH	M	YES	11600	1	28	2	F	F	F	F	T	T	F	F	F	F	T	F
80728	CASH	F	YES	11700	1	28	2	F	T	F	T	T	T	F	F	F	F	T	F
56220	CARD	F	YES	12500	1	28	2	F	T	F	F	T	F	F	F	F	F	F	F
19211	CARD	M	NO	12700	1	28	2	F	F	F	T	F	T	T	F	F	F	T	T
81034	CHEQUE	M	YES	12800	1	28	2	F	T	F	T	T	T	T	F	F	F	F	T
26885	CASH	M	YES	13200	1	28	2	F	F	T	T	F	T	T	F	F	F	F	T
104830	CASH	F	NO	13400	1	28	2	F	T	F	F	F	F	F	F	F	T	F	F
60890	CARD	M	NO	15800	1	28	2	F	T	F	T	F	T	T	F	T	T	T	T
96694	CARD	M	NO	16300	1	28	2	F	F	F	T	T	T	T	T	F	T	F	T
72248	CASH	M	YES	17400	1	28	2	F	F	F	F	F	F	F	F	F	F	F	F
103147	CARD	M	YES	18100	1	28	2	F	F	F	T	F	F	F	F	F	F	F	F
59599	CASH	F	YES	18700	1	28	2	F	F	F	F	T	T	T	F	F	F	F	T
63817	CHEQUE	M	YES	19600	1	28	2	F	F	F	F	F	F	F	F	F	F	F	F
82801	CARD	M	NO	20100	2	28	2	F	F	F	T	F	T	F	T	F	F	F	F
19078	CASH	M	YES	20300	2	28	2	T	F	F	F	F	F	F	F	F	F	T	F
55550	CASH	M	NO	21500	2	28	2	T	F	F	F	F	T	F	T	F	F	F	F
59297	CHEQUE	F	NO	22000	2	28	2	F	F	F	T	T	F	T	T	F	F	T	F
15650	CARD	M	YES	22300	2	28	2	F	F	F	F	F	F	F	F	F	T	F	F
64596	CASH	M	YES	24500	2	28	2	F	T	T	F	F	F	T	F	F	T	F	F
107499	CASH	F	YES	24800	2	28	2	F	F	F	F	F	F	F	T	T	F	F	F
89485	CASH	M	YES	25300	2	28	2	F	F	F	F	T	T	F	F	F	F	F	F
76777	CARD	F	NO	26900	2	28	2	F	F	F	F	F	F	F	T	F	F	T	F
33233	CARD	M	YES	27200	2	28	2	F	T	F	F	F	F	F	T	F	F	F	F
24686	CARD	F	NO	27800	2	28	2	F	F	T	F	F	F	T	T	F	T	T	F
14912	CHEQUE	M	YES	28100	2	28	2	F	F	F	T	F	T	T	T	F	F	F	T
67362	CASH	F	NO	30000	3	28	2	F	T	F	F	F	F	F	F	F	F	T	F
86331	CARD	M	NO	10300	1	29	2	F	F	F	T	F	T	T	F	F	T	T	T
19268	CASH	F	YES	11000	1	29	2	F	F	F	F	F	F	F	F	F	F	F	F
63694	CARD	F	YES	11700	1	29	2	T	F	T	T	F	F	F	F	F	F	F	F
71652	CARD	M	YES	13300	1	29	2	F	F	T	T	F	T	T	F	F	F	F	T
56851	CARD	M	NO	13400	1	29	2	F	F	F	T	F	T	T	F	F	F	F	T
95026	CASH	F	YES	13400	1	29	2	F	F	T	F	F	F	F	F	F	T	T	F
59389	CARD	F	NO	14500	1	29	2	F	F	F	T	F	F	F	F	F	F	F	F
106044	CARD	M	NO	14500	1	29	2	T	F	F	T	F	T	T	T	F	T	F	T
96561	CARD	M	NO	17000	1	29	2	F	F	F	F	F	F	F	F	F	F	F	F
12584	CARD	F	YES	17400	1	29	2	T	F	F	F	F	F	T	T	F	F	T	F
105412	CASH	M	NO	18500	1	29	2	F	F	F	F	F	F	T	F	F	F	F	F
60571	CASH	F	NO	18600	1	29	2	F	F	F	F	F	T	F	F	F	T	F	F
90861	CASH	F	YES	18600	1	29	2	T	T	F	F	F	F	F	F	F	F	T	F
14890	CHEQUE	M	YES	18700	1	29	2	F	T	F	F	F	F	F	F	F	F	F	F
30459	CHEQUE	F	NO	20500	2	29	2	F	F	F	T	F	F	F	T	F	T	T	F
108739	CASH	M	NO	20800	2	29	2	T	F	F	F	F	F	F	T	T	F	T	F
85081	CARD	F	YES	20900	2	29	2	T	F	F	F	F	F	T	T	F	F	T	F
87270	CHEQUE	M	NO	21300	2	29	2	F	F	T	T	T	F	F	T	F	F	F	F
29192	CASH	M	NO	21500	2	29	2	F	T	F	F	F	F	F	F	F	F	T	F
92227	CASH	F	NO	22600	2	29	2	T	F	F	T	F	F	F	T	F	F	T	F
16342	CARD	M	NO	22700	2	29	2	F	F	F	F	F	F	F	F	F	F	F	F
75663	CARD	F	YES	23400	2	29	2	F	T	F	F	T	F	F	F	F	F	F	F
91019	CARD	M	YES	24100	2	29	2	F	F	F	F	F	F	F	T	F	F	F	F
32182	CASH	F	YES	24300	2	29	2	F	F	F	F	F	F	T	F	F	F	F	F
57678	CHEQUE	M	NO	24900	2	29	2	F	F	F	F	F	T	F	F	F	F	F	F
98836	CASH	F	YES	24900	2	29	2	F	F	F	T	F	F	F	T	F	T	T	F
78139	CASH	M	NO	25200	2	29	2	T	F	F	T	T	F	F	F	F	F	F	F
94685	CARD	M	YES	25600	2	29	2	F	T	T	F	F	F	F	F	F	F	F	F
104800	CARD	M	NO	26800	2	29	2	F	F	F	F	F	F	T	F	F	F	F	F
85699	CASH	F	YES	27000	2	29	2	F	F	F	F	F	F	F	F	F	T	F	F
89250	CASH	F	NO	27900	2	29	2	F	T	F	F	T	F	F	T	F	F	T	F
103708	CASH	F	YES	28000	2	29	2	F	F	F	F	F	F	F	T	F	T	F	F
18030	CARD	F	YES	28400	2	29	2	T	F	F	F	T	F	F	F	F	F	F	F
52128	CARD	M	YES	29000	2	29	2	F	F	F	T	F	T	F	F	F	F	F	F
42163	CASH	M	NO	29300	2	29	2	T	F	F	F	F	F	F	F	F	F	F	F
69718	CARD	F	YES	29400	2	29	2	F	F	F	F	F	F	F	T	T	F	T	F
80869	CARD	F	YES	29400	2	29	2	F	F	F	F	T	F	F	T	F	F	F	F
44452	CARD	F	NO	11900	1	30	3	T	F	F	F	T	F	T	F	F	F	F	F
60499	CASH	M	YES	12800	1	30	3	T	T	F	F	F	F	F	F	F	F	F	F
42056	CARD	F	YES	13900	1	30	3	F	F	F	F	F	F	F	T	F	T	F	F
86044	CARD	M	NO	13900	1	30	3	F	F	F	T	F	T	T	T	T	F	F	T
57102	CASH	M	NO	16100	1	30	3	F	F	F	T	F	T	T	F	F	T	F	T
62995	CASH	F	YES	20800	2	30	3	T	F	F	F	F	F	F	F	T	F	F	F
48749	CARD	F	YES	21100	2	30	3	F	F	F	F	F	F	F	F	F	T	F	F
61107	CARD	F	YES	21100	2	30	3	T	F	T	F	F	F	F	F	F	F	F	F
109530	CARD	M	NO	21100	2	30	3	F	T	F	F	F	F	T	F	F	F	F	F
87151	CHEQUE	F	NO	21400	2	30	3	F	F	T	F	T	T	F	T	F	T	T	F
69884	CASH	M	YES	21800	2	30	3	F	F	F	F	F	F	F	F	T	F	T	F
66551	CASH	M	NO	22000	2	30	3	F	F	T	F	F	F	F	F	F	T	F	F
108855	CARD	F	YES	22800	2	30	3	F	F	F	F	T	F	F	T	T	T	T	F
100255	CHEQUE	M	NO	23100	2	30	3	F	F	F	F	F	F	F	T	F	F	F	F
55992	CASH	M	YES	25700	2	30	3	F	F	F	F	T	F	F	F	T	T	F	F
74710	CARD	F	YES	27300	2	30	3	F	F	F	F	F	F	F	F	F	F	F	F
90147	CASH	M	YES	27800	2	30	3	F	F	T	F	F	F	F	F	F	F	F	F
78598	CASH	M	NO	28100	2	30	3	F	F	F	F	F	F	F	T	F	F	T	F
104903	CASH	F	NO	28200	2	30	3	T	F	F	F	F	F	F	T	F	F	T	F
70481	CHEQUE	M	YES	29800	2	30	3	F	F	F	T	F	F	T	F	T	T	F	F
20849	CASH	F	NO	30000	3	30	3	F	F	T	T	F	F	F	T	T	T	T	F
106499	CASH	M	YES	10700	1	31	3	F	F	F	T	F	T	T	F	F	F	F	T
42381	CASH	M	NO	13100	1	31	3	F	F	F	T	T	T	T	T	F	T	F	T
96173	CARD	F	NO	13800	1	31	3	F	F	F	F	F	F	F	F	T	F	F	F
14630	CASH	M	NO	15200	1	31	3	F	F	F	T	F	T	T	F	F	F	F	T
54462	CASH	M	NO	15900	1	31	3	F	F	T	T	F	T	T	T	F	F	F	T
84033	CASH	F	YES	16600	1	31	3	F	T	F	T	F	F	F	T	F	F	F	F
74314	CARD	F	NO	17500	1	31	3	T	F	F	F	T	T	F	F	F	F	F	F
73383	CARD	M	NO	18000	1	31	3	F	F	F	F	T	F	F	F	F	F	F	F
83071	CASH	M	YES	18100	1	31	3	F	F	F	F	F	F	T	F	F	F	T	F
94790	CARD	M	NO	19800	1	31	3	F	F	F	F	T	F	F	F	F	T	F	F
12782	CHEQUE	F	NO	20300	2	31	3	F	F	F	T	F	F	T	F	F	F	F	F
79305	CHEQUE	F	NO	22200	2	31	3	F	F	F	F	T	F	F	T	F	F	F	F
14368	CHEQUE	F	NO	22800	2	31	3	F	F	F	F	T	F	F	T	F	F	T	F
84497	CARD	F	YES	23000	2	31	3	F	F	F	F	T	F	F	T	F	F	T	F
76567	CARD	M	YES	23100	2	31	3	T	F	F	T	F	F	F	F	F	T	F	F
19519	CARD	M	YES	23300	2	31	3	F	F	T	F	F	T	T	F	F	F	T	T
71078	CARD	M	YES	23800	2	31	3	F	F	F	F	F	F	F	F	F	F	F	F
68501	CHEQUE	F	NO	24000	2	31	3	T	T	F	F	F	F	F	F	T	T	F	F
28629	CASH	M	NO	26200	2	31	3	F	F	F	F	F	F	T	F	F	F	T	F
82419	CHEQUE	F	YES	26200	2	31	3	F	T	F	T	F	F	T	F	F	F	F	F
60153	CARD	M	YES	27400	2	31	3	F	T	F	F	T	F	T	T	F	F	F	F
61255	CASH	F	NO	28300	2	31	3	F	F	T	F	F	F	F	T	T	F	T	F
88176	CARD	F	YES	28300	2	31	3	F	F	T	F	F	T	F	T	T	F	T	F
101722	CHEQUE	M	NO	29400	2	31	3	F	T	F	F	F	T	F	F	F	T	F	F
90933	CARD	M	YES	29900	2	31	3	F	F	F	F	F	F	F	F	F	F	F	F
28427	CHEQUE	M	NO	10700	1	32	3	F	F	F	T	F	T	T	F	F	F	T	T
31921	CHEQUE	M	YES	11600	1	32	3	T	F	F	F	F	F	F	T	F	F	F	F
36951	CHEQUE	F	YES	11700	1	32	3	F	F	F	F	F	F	T	F	F	F	T	F
28138	CASH	F	YES	12200	1	32	3	F	F	F	F	F	F	F	F	F	T	F	F
32408	CASH	F	YES	12400	1	32	3	F	F	F	F	F	F	T	F	F	F	F	F
97512	CHEQUE	F	NO	12800	1	32	3	F	T	F	F	F	F	F	F	T	F	F	F
54180	CASH	M	NO	13500	1	32	3	F	T	F	T	F	T	T	F	F	F	F	T
20386	CHEQUE	F	YES	15400	1	32	3	F	F	T	F	F	F	F	F	F	F	F	F
13903	CASH	F	NO	17800	1	32	3	T	T	T	T	T	F	F	F	T	F	F	F
18079	CARD	M	YES	19800	1	32	3	F	F	T	F	F	F	F	T	F	F	F	F
49861	CASH	M	YES	20300	2	32	3	F	F	F	F	F	F	T	F	F	F	F	F
35519	CARD	M	YES	21400	2	32	3	F	F	F	F	F	T	F	F	F	F	F	F
43044	CASH	M	YES	21700	2	32	3	T	T	F	F	F	F	F	F	T	F	F	F
34297	CARD	F	NO	22600	2	32	3	F	F	F	F	F	F	F	F	F	F	F	F
95479	CHEQUE	M	NO	22700	2	32	3	F	F	F	T	T	F	F	T	F	F	T	F
108153	CASH	F	NO	23500	2	32	3	F	F	F	F	F	F	F	F	T	F	T	F
52903	CASH	M	YES	24100	2	32	3	F	F	F	F	F	F	F	F	F	F	F	F
98383	CASH	M	NO	24500	2	32	3	F	F	F	T	T	T	F	F	F	F	T	F
47914	CASH	F	YES	24700	2	32	3	F	T	F	F	F	F	F	T	F	T	T	F
107505	CASH	F	YES	25000	2	32	3	F	F	F	F	F	F	F	F	F	F	T	F
46071	CASH	F	NO	25100	2	32	3	T	F	F	F	F	F	F	F	T	T	F	F
46005	CARD	M	NO	26200	2	32	3	F	F	F	F	F	F	F	F	F	F	F	F
37917	CHEQUE	F	NO	27000	2	32	3	F	T	F	F	F	F	F	T	F	F	T	F
84756	CARD	M	YES	28300	2	32	3	F	F	F	F	F	F	F	F	F	T	T	F
89106	CHEQUE	F	YES	28900	2	32	3	F	T	F	F	T	F	F	T	F	F	T	F
102703	CARD	M	YES	30000	3	32	3	T	T	F	F	T	F	F	F	T	F	F	F
75130	CHEQUE	F	YES	10500	1	33	3	T	F	F	F	F	F	T	F	F	F	F	F
69802	CASH	F	YES	11000	1	33	3	F	F	F	T	F	F	T	F	F	F	F	F
28977	CARD	M	NO	11300	1	33	3	F	T	F	T	T	T	T	F	T	F	F	T
30243	CASH	M	YES	11500	1	33	3	F	T	F	T	T	T	T	T	F	F	T	T
71600	CHEQUE	M	NO	12400	1	33	3	T	F	F	T	T	T	T	T	F	T	F	T
100256	CHEQUE	M	NO	12800	1	33	3	F	F	F	T	F	T	T	T	F	F	F	T
93974	CASH	M	NO	13200	1	33	3	F	T	F	T	F	F	F	F	T	F	F	F
14301	CASH	M	NO	14200	1	33	3	F	T	T	T	F	T	T	F	F	T	T	T
16220	CHEQUE	M	NO	15300	1	33	3	F	F	F	T	F	T	T	F	T	F	T	T
51732	CASH	M	YES	15300	1	33	3	F	T	F	T	F	T	T	F	F	F	F	T
109798	CASH	M	YES	17300	1	33	3	F	F	F	F	F	T	F	F	F	F	F	F
65853	CASH	M	YES	17500	1	33	3	T	F	T	F	F	F	F	F	F	F	F	F
70206	CHEQUE	M	YES	18000	1	33	3	T	F	F	T	F	F	F	F	F	F	F	F
78302	CARD	M	YES	20500	2	33	3	T	F	F	T	F	F	F	F	F	F	F	F
32160	CASH	F	YES	20600	2	33	3	F	F	F	F	F	T	T	F	F	F	T	T
80137	CASH	F	NO	22200	2	33	3	F	F	F	F	F	F	F	F	F	F	F	F
82901	CASH	F	NO	22600	2	33	3	F	F	F	F	F	F	F	T	F	F	T	F
103166	CASH	F	NO	25900	2	33	3	F	T	T	F	F	F	F	T	F	F	F	F
14107	CARD	F	NO	27500	2	33	3	F	T	F	F	F	F	F	F	F	T	F	F
64561	CASH	F	YES	28200	2	33	3	F	F	F	F	T	F	F	F	T	F	F	F
88812	CARD	F	NO	10500	1	34	3	F	F	F	F	F	F	T	F	F	F	F	F
88260	CARD	F	NO	12000	1	34	3	F	F	T	T	F	F	F	F	F	F	F	F
86759	CARD	F	NO	14800	1	34	3	F	F	F	T	F	F	F	F	F	F	F	F
41866	CASH	F	NO	16100	1	34	3	F	F	F	F	F	F	F	F	F	F	F	F
77218	CARD	M	NO	16500	1	34	3	T	F	F	T	F	T	T	T	F	T	F	T
46686	CHEQUE	F	NO	17500	1	34	3	F	F	T	F	F	F	F	F	F	F	F	F
27766	CARD	F	NO	18900	1	34	3	T	F	F	F	F	F	T	F	F	F	F	F
30850	CASH	F	NO	19900	1	34	3	T	F	F	F	F	F	F	F	F	T	F	F
100553	CARD	M	NO	21500	2	34	3	T	F	F	T	F	F	F	T	T	F	F	F
60073	CARD	M	YES	22600	2	34	3	F	F	F	F	F	F	F	T	F	T	F	F
97148	CARD	F	NO	23500	2	34	3	F	F	F	T	F	F	T	T	T	F	T	F
30558	CARD	F	YES	23800	2	34	3	F	F	F	F	F	F	F	F	F	T	F	F
76944	CASH	F	YES	23900	2	34	3	F	F	F	F	F	F	T	T	F	F	T	F
24566	CARD	F	YES	24300	2	34	3	F	F	F	T	T	F	F	T	F	T	T	F
36863	CARD	F	YES	25500	2	34	3	F	F	T	F	F	F	F	T	F	F	T	F
12312	CARD	F	YES	25600	2	34	3	F	T	F	F	F	T	F	F	T	F	F	F
51818	CARD	M	NO	26300	2	34	3	T	F	F	F	F	F	F	F	F	F	F	F
11236	CARD	M	YES	26800	2	34	3	F	F	F	F	F	F	F	F	F	F	F	F
39077	CARD	M	NO	28200	2	34	3	F	T	F	F	T	F	F	F	F	F	F	F
93304	CARD	M	NO	28200	2	34	3	F	F	F	F	F	T	F	F	F	F	T	F
15072	CARD	M	NO	28400	2	34	3	F	F	F	F	F	T	F	F	F	F	F	F
109583	CARD	M	NO	29200	2	34	3	F	F	F	F	F	F	F	F	F	F	F	F
69122	CARD	M	YES	29300	2	34	3	F	F	T	F	T	F	F	F	F	F	F	F
108003	CARD	F	NO	29400	2	34	3	F	F	F	T	F	F	F	T	F	T	F	F
32432	CHEQUE	M	YES	29700	2	34	3	F	T	F	F	F	T	F	F	F	F	T	F
69372	CARD	F	YES	10700	1	35	3	F	T	F	F	F	F	F	F	F	F	T	F
36927	CHEQUE	M	NO	11100	1	35	3	F	F	F	T	F	T	T	F	F	F	T	T
42167	CARD	F	NO	11100	1	35	3	F	T	F	F	F	F	F	T	T	F	F	F
95915	CASH	M	NO	11800	1	35	3	F	F	F	T	T	T	T	F	F	F	F	T
47645	CASH	F	NO	13000	1	35	3	F	F	F	F	F	F	F	F	F	F	F	F
95354	CHEQUE	M	NO	13300	1	35	3	F	T	F	T	T	T	T	F	T	T	F	T
26630	CARD	F	NO	15000	1	35	3	F	T	F	F	F	F	F	T	F	T	F	F
103087	CASH	M	YES	15500	1	35	3	F	T	F	T	F	T	T	T	F	F	F	T
12547	CARD	M	YES	16800	1	35	3	F	F	F	T	T	T	T	F	F	F	F	T
106290	CHEQUE	M	YES	17000	1	35	3	F	F	T	F	F	F	F	F	F	F	F	F
52530	CASH	F	NO	18400	1	35	3	F	F	F	F	F	F	F	F	T	F	F	F
46730	CARD	F	NO	18700	1	35	3	T	F	F	F	T	F	F	F	F	F	F	F
70063	CHEQUE	M	NO	18700	1	35	3	F	F	F	F	F	F	F	T	F	F	F	F
35979	CARD	M	NO	19000	1	35	3	F	F	F	F	F	F	F	F	F	T	F	F
105225	CASH	M	NO	21600	2	35	3	T	F	T	F	F	F	F	F	F	F	T	F
66940	CARD	F	NO	22100	2	35	3	F	F	F	F	F	F	F	T	T	T	T	F
66191	CASH	F	NO	22600	2	35	3	T	F	T	F	F	T	T	F	F	F	F	T
109551	CASH	M	YES	23500	2	35	3	F	F	F	F	F	F	T	T	F	F	F	F
98409	CASH	F	NO	24900	2	35	3	F	F	F	F	F	F	F	T	F	F	T	F
18708	CASH	F	YES	25900	2	35	3	F	F	F	T	T	T	T	F	F	T	F	T
101699	CARD	M	YES	27800	2	35	3	F	F	T	F	T	T	F	F	F	F	F	F
59071	CHEQUE	F	YES	28100	2	35	3	F	F	F	F	T	F	T	F	F	T	F	F
29367	CHEQUE	M	YES	28800	2	35	3	F	F	F	F	F	T	F	F	F	F	F	F
90462	CASH	M	NO	10300	1	36	3	F	T	F	T	F	T	T	T	F	F	F	T
10150	CARD	F	NO	10700	1	36	3	T	F	F	F	F	F	F	F	T	F	F	F
50531	CARD	F	YES	10700	1	36	3	T	T	T	F	F	F	F	F	F	F	F	F
100328	CHEQUE	M	YES	10700	1	36	3	F	T	F	T	F	T	T	F	F	T	F	T
10872	CASH	M	NO	13200	1	36	3	F	F	F	T	F	T	T	F	F	T	F	T
98352	CARD	F	NO	13300	1	36	3	F	F	F	F	T	T	F	F	F	T	F	F
90730	CASH	M	NO	14600	1	36	3	F	F	F	T	F	T	T	F	T	F	F	T
25387	CARD	F	YES	14900	1	36	3	F	F	F	F	F	F	F	F	F	F	F	F
59184	CASH	F	NO	14900	1	36	3	F	T	F	F	F	F	F	F	F	F	F	F
21187	CHEQUE	F	YES	15400	1	36	3	F	T	F	F	F	F	T	F	F	F	F	F
85771	CARD	F	NO	15700	1	36	3	F	F	F	F	T	F	F	T	F	F	T	F
18143	CASH	F	YES	15900	1	36	3	T	F	F	F	T	T	F	F	F	F	F	F
77419	CARD	M	YES	16700	1	36	3	F	F	F	T	F	T	T	F	F	F	T	T
57762	CASH	M	YES	20700	2	36	3	T	F	F	F	T	F	F	F	F	F	F	F
39080	CARD	F	YES	21000	2	36	3	F	F	F	T	F	F	F	F	F	T	F	F
47441	CARD	F	YES	21600	2	36	3	F	T	F	F	F	T	F	F	F	F	T	F
73708	CHEQUE	F	NO	21900	2	36	3	T	F	F	T	F	F	F	T	T	T	T	F
72986	CARD	F	YES	22200	2	36	3	F	F	F	F	F	F	T	F	F	F	F	F
96076	CASH	F	YES	22900	2	36	3	F	F	F	T	F	F	F	F	F	T	T	F
81690	CARD	F	NO	23900	2	36	3	F	F	F	F	F	F	F	T	F	F	T	F
102348	CARD	M	YES	24300	2	36	3	F	F	F	F	F	F	F	F	F	F	F	F
99624	CHEQUE	F	NO	24400	2	36	3	T	F	F	F	F	F	F	T	T	F	F	F
14658	CARD	F	YES	24700	2	36	3	F	F	F	F	T	F	F	T	F	T	T	F
74463	CARD	F	YES	25400	2	36	3	F	F	F	T	F	T	F	F	T	F	F	F
25524	CARD	M	NO	25900	2	36	3	F	F	F	T	T	T	F	F	F	F	F	F
64053	CHEQUE	F	NO	27200	2	36	3	F	F	F	F	F	F	F	T	F	F	F	F
25405	CARD	M	NO	27600	2	36	3	F	F	F	F	T	F	F	F	F	T	F	F
43800	CARD	F	YES	27900	2	36	3	F	F	F	T	F	F	T	T	F	F	T	F
27673	CASH	F	YES	29000	2	36	3	F	F	T	F	F	T	T	T	F	F	T	T
14875	CHEQUE	M	YES	29700	2	36	3	F	T	F	F	F	F	T	T	F	F	F	F
106314	CASH	F	NO	10800	1	37	3	F	F	F	T	T	F	F	F	F	F	F	F
32302	CARD	F	YES	12500	1	37	3	F	F	F	F	F	F	F	F	F	F	F	F
105816	CARD	F	NO	13900	1	37	3	T	F	T	T	F	F	F	F	F	F	F	F
37098	CARD	F	YES	14100	1	37	3	T	T	F	F	F	F	F	F	T	F	F	F
108832	CHEQUE	F	NO	15200	1	37	3	F	F	F	F	F	F	F	F	F	T	F	F
39952	CARD	M	NO	15900	1	37	3	F	F	F	T	F	T	T	F	T	F	F	T
37114	CASH	M	NO	16200	1	37	3	F	F	F	T	F	T	T	F	F	T	T	T
89406	CASH	F	YES	16500	1	37	3	T	F	F	F	F	F	T	F	F	F	F	F
96078	CASH	M	NO	16500	1	37	3	T	F	F	T	F	T	T	F	F	F	T	T
30504	CHEQUE	F	NO	19600	1	37	3	F	T	F	F	F	F	F	F	F	T	F	F
17747	CARD	M	YES	19900	1	37	3	F	F	F	F	F	F	F	F	F	T	F	F
95141	CARD	F	YES	20900	2	37	3	T	F	F	F	F	F	F	T	F	F	T	F
96371	CASH	M	YES	21100	2	37	3	F	F	T	F	F	F	F	F	F	F	F	F
93669	CHEQUE	F	NO	21600	2	37	3	F	F	F	T	F	F	F	T	F	F	T	F
24651	CASH	F	NO	22700	2	37	3	F	F	F	F	F	F	F	T	T	F	T	F
29524	CASH	F	YES	25100	2	37	3	F	F	F	T	F	F	F	F	F	F	F	F
61789	CASH	M	NO	25100	2	37	3	F	F	F	T	F	F	T	F	F	T	F	F
93393	CASH	M	NO	27100	2	37	3	T	T	F	F	F	F	T	F	F	F	F	F
15629	CASH	F	YES	27700	2	37	3	F	F	F	F	F	T	F	F	F	T	F	F
94004	CARD	M	NO	28000	2	37	3	F	F	F	F	T	T	T	F	F	F	F	T
28314	CARD	F	YES	29200	2	37	3	F	F	F	F	F	T	F	T	F	F	T	F
23718	CHEQUE	M	YES	29700	2	37	3	F	F	F	T	F	T	F	T	F	T	F	F
34809	CASH	F	NO	11300	1	38	3	F	F	F	F	T	F	F	F	F	F	F	F
28498	CHEQUE	F	NO	12400	1	38	3	F	F	F	F	F	F	F	T	F	F	F	F
58341	CASH	F	YES	12900	1	38	3	F	F	F	T	T	F	F	F	F	F	F	F
63368	CARD	M	NO	13000	1	38	3	T	F	F	T	F	T	T	F	F	F	F	T
28803	CHEQUE	M	YES	13200	1	38	3	F	F	F	T	F	T	T	F	F	T	F	T
71343	CASH	M	YES	13700	1	38	3	F	F	F	T	F	T	T	F	F	F	F	T
18517	CARD	M	YES	13900	1	38	3	T	T	F	T	F	T	T	F	F	F	F	T
78428	CARD	F	YES	13900	1	38	3	F	F	F	F	F	T	F	F	T	F	F	F
64752	CASH	F	NO	14100	1	38	3	F	F	T	T	F	F	T	F	F	F	F	F
87482	CARD	F	YES	14200	1	38	3	T	F	F	F	T	T	F	T	F	F	F	F
109132	CASH	F	YES	15100	1	38	3	F	T	F	F	F	F	F	F	T	F	F	F
38477	CASH	M	YES	16500	1	38	3	F	T	F	F	F	F	F	F	F	F	T	F
104722	CARD	M	YES	16700	1	38	3	F	F	F	T	F	T	T	F	F	F	F	T
14015	CASH	M	NO	17200	1	38	3	F	F	F	T	F	F	F	F	F	F	T	F
87450	CARD	F	YES	17900	1	38	3	F	F	F	F	F	T	F	F	F	T	F	F
13747	CARD	F	NO	18700	1	38	3	F	F	F	F	F	F	T	F	F	F	F	F
101414	CARD	F	NO	19000	1	38	3	F	F	F	F	F	F	F	T	F	F	F	F
24864	CASH	F	YES	19200	1	38	3	T	F	F	T	F	T	F	F	F	F	F	F
80438	CARD	M	NO	19600	1	38	3	F	F	F	F	F	F	F	T	F	F	T	F
37571	CASH	M	NO	20700	2	38	3	F	T	F	T	F	F	F	T	T	F	F	F
78030	CARD	F	NO	22100	2	38	3	F	F	F	F	T	F	F	T	F	F	T	F
79577	CARD	F	YES	22600	2	38	3	F	T	F	F	F	F	F	T	F	F	F	F
28959	CASH	M	NO	23600	2	38	3	F	F	F	F	F	T	F	F	F	F	F	F
47923	CARD	M	YES	24000	2	38	3	F	F	T	T	F	F	T	F	T	F	F	F
54152	CARD	M	YES	24400	2	38	3	F	F	F	F	F	T	T	T	F	F	F	T
60688	CASH	M	NO	24400	2	38	3	F	F	F	F	F	F	F	F	F	F	F	F
20362	CASH	M	YES	25100	2	38	3	F	F	F	F	F	T	F	F	F	T	F	F
97761	CARD	F	YES	25800	2	38	3	T	F	F	T	F	F	F	T	F	T	T	F
35197	CASH	M	NO	27400	2	38	3	F	F	F	F	F	T	T	T	F	T	F	T
55625	CARD	F	NO	27400	2	38	3	T	T	F	F	T	F	F	T	T	F	T	F
99575	CARD	M	YES	28100	2	38	3	F	F	F	F	F	T	F	F	F	T	F	F
88596	CASH	F	NO	28400	2	38	3	F	F	T	F	F	F	F	T	T	F	T	F
25180	CHEQUE	M	YES	29000	2	38	3	F	F	F	F	F	F	F	F	F	F	F	F
58144	CARD	F	NO	29100	2	38	3	F	F	F	F	T	T	F	F	F	F	F	F
16055	CASH	M	YES	29300	2	38	3	F	F	F	F	F	F	F	F	F	T	F	F
93527	CASH	M	YES	29700	2	38	3	F	F	F	F	F	F	T	T	F	F	F	F
29316	CARD	M	NO	10800	1	39	3	F	F	F	T	F	T	T	F	T	F	F	T
67809	CHEQUE	F	NO	11600	1	39	3	F	F	F	F	F	T	F	F	T	F	F	F
67133	CHEQUE	M	NO	11800	1	39	3	F	F	F	T	F	T	F	T	F	F	T	F
96881	CARD	M	YES	11900	1	39	3	F	F	F	T	T	T	T	T	F	F	F	T
89302	CARD	F	YES	12000	1	39	3	F	F	F	F	F	F	F	F	F	T	F	F
72901	CHEQUE	F	NO	13200	1	39	3	F	F	F	F	F	F	T	F	F	F	F	F
58803	CHEQUE	M	NO	13500	1	39	3	F	T	F	T	F	T	T	F	F	F	T	T
98696	CASH	M	YES	13800	1	39	3	F	F	F	F	F	F	F	T	F	F	T	F
40659	CARD	M	YES	15000	1	39	3	F	F	F	T	F	T	T	F	F	F	F	T
28630	CHEQUE	F	NO	15100	1	39	3	F	F	F	F	T	F	F	F	F	T	F	F
40949	CASH	M	YES	16000	1	39	3	T	F	T	T	T	T	T	F	F	F	F	T
53320	CARD	M	YES	18200	1	39	3	F	F	F	F	T	F	F	F	T	T	F	F
79875	CHEQUE	F	NO	19800	1	39	3	F	T	F	F	F	F	F	F	F	F	F	F
101784	CASH	M	NO	20200	2	39	3	F	F	F	T	T	F	F	F	F	F	F	F
33413	CASH	F	NO	20700	2	39	3	F	F	F	F	F	T	F	T	F	F	T	F
27462	CASH	F	YES	22300	2	39	3	F	F	F	F	F	F	T	F	T	F	F	F
55951	CARD	M	NO	23600	2	39	3	F	F	F	F	F	F	F	T	F	F	T	F
58388	CHEQUE	M	NO	23800	2	39	3	F	F	F	F	T	F	T	F	T	F	F	F
104988	CASH	M	NO	24800	2	39	3	F	F	F	F	T	F	F	F	F	F	F	F
70018	CHEQUE	F	YES	25800	2	39	3	T	F	T	F	F	T	T	T	F	T	T	T
105188	CASH	M	YES	26400	2	39	3	F	F	F	F	F	F	F	F	T	F	F	F
96584	CASH	M	YES	26600	2	39	3	T	F	F	F	F	F	F	F	T	F	F	F
57582	CASH	M	YES	29900	2	39	3	F	F	T	F	T	F	F	F	F	F	F	F
80578	CARD	F	YES	10800	1	40	4	F	F	F	F	F	F	T	F	F	F	T	F
99410	CASH	F	NO	13000	1	40	4	F	F	T	F	F	F	F	F	F	F	F	F
62022	CASH	F	NO	13300	1	40	4	F	F	F	F	F	F	F	T	F	F	T	F
32646	CHEQUE	M	YES	15100	1	40	4	T	F	F	T	F	T	T	F	F	T	T	T
41157	CASH	F	NO	15200	1	40	4	T	F	T	F	T	T	F	F	T	F	F	F
83523	CASH	M	NO	17400	1	40	4	F	F	F	F	F	F	F	F	F	F	F	F
49658	CARD	M	YES	17600	1	40	4	F	T	F	T	F	F	F	F	T	F	T	F
89872	CARD	F	YES	19100	1	40	4	F	F	F	F	F	F	T	F	F	F	F	F
75815	CARD	F	YES	19200	1	40	4	F	F	F	F	F	T	F	T	F	F	T	F
67455	CARD	F	YES	19300	1	40	4	F	T	F	F	F	F	T	F	F	F	F	F
42689	CARD	F	NO	20000	2	40	4	T	F	F	F	F	F	F	F	F	F	T	F
36278	CASH	M	NO	20400	2	40	4	F	T	F	F	F	T	F	F	T	F	F	F
41841	CASH	M	NO	21500	2	40	4	T	T	T	T	F	F	F	F	T	F	T	F
25256	CARD	M	NO	21600	2	40	4	F	T	T	F	F	T	F	F	F	F	T	F
69380	CHEQUE	F	NO	21600	2	40	4	F	F	F	F	F	F	F	T	F	F	T	F
87793	CASH	F	NO	21700	2	40	4	F	F	F	F	F	T	F	T	F	T	T	F
25097	CASH	M	NO	21900	2	40	4	F	F	F	T	T	T	F	F	T	F	F	F
12694	CASH	F	NO	22100	2	40	4	T	F	F	F	F	F	F	F	F	F	T	F
93353	CARD	F	NO	22500	2	40	4	F	F	T	T	T	F	F	T	F	F	T	F
46278	CARD	M	NO	23400	2	40	4	T	T	F	T	F	F	T	F	F	F	F	F
15317	CARD	M	YES	23700	2	40	4	F	F	T	F	F	F	F	F	F	F	F	F
47598	CARD	F	YES	23900	2	40	4	T	F	F	F	F	F	T	T	F	F	T	F
96474	CHEQUE	F	YES	24900	2	40	4	F	F	F	F	F	F	F	F	F	F	F	F
92868	CHEQUE	M	NO	25000	2	40	4	F	F	F	T	F	T	F	T	F	F	F	F
68156	CHEQUE	F	NO	26300	2	40	4	F	F	F	F	F	F	T	F	T	F	F	F
12291	CASH	M	NO	26700	2	40	4	F	F	F	F	F	F	F	T	F	F	T	F
78357	CARD	F	NO	28600	2	40	4	F	F	T	F	F	T	F	F	F	F	F	F
40208	CASH	F	NO	28900	2	40	4	T	T	F	F	T	T	F	F	F	F	F	F
77335	CASH	F	NO	29800	2	40	4	F	F	F	F	F	F	F	T	T	F	T	F
47638	CASH	M	YES	10200	1	41	4	F	F	F	T	F	T	T	F	F	F	F	T
73594	CHEQUE	F	NO	12100	1	41	4	F	F	T	F	F	F	F	F	F	F	F	F
73480	CHEQUE	M	NO	13500	1	41	4	F	F	F	T	F	T	T	F	F	F	T	T
27694	CARD	M	YES	14700	1	41	4	F	F	T	T	T	T	T	F	T	F	F	T
106489	CARD	F	YES	16100	1	41	4	F	F	F	F	F	F	F	F	F	F	F	F
15306	CASH	M	NO	16500	1	41	4	F	F	F	T	T	T	T	F	F	F	F	T
69720	CARD	F	NO	16600	1	41	4	F	T	F	F	F	F	F	F	F	F	F	F
10609	CHEQUE	F	NO	16700	1	41	4	T	F	F	F	F	F	F	F	F	T	F	F
15835	CASH	F	YES	17100	1	41	4	F	F	F	F	F	F	F	F	F	T	F	F
37784	CARD	M	YES	17400	1	41	4	F	F	F	F	T	F	F	F	F	F	F	F
18228	CASH	M	NO	17700	1	41	4	F	F	F	T	F	F	F	F	F	F	F	F
47489	CARD	M	YES	18400	1	41	4	F	F	F	F	F	F	F	T	F	F	T	F
83338	CASH	M	NO	18500	1	41	4	F	F	F	F	T	F	F	F	F	F	F	F
61342	CASH	F	NO	18900	1	41	4	F	F	F	T	T	F	T	F	F	F	F	F
57615	CARD	M	YES	19700	1	41	4	T	F	F	F	T	F	F	F	F	F	T	F
15590	CASH	M	NO	20800	2	41	4	T	F	F	T	F	F	F	F	F	T	F	F
69934	CHEQUE	F	YES	21300	2	41	4	F	F	F	F	F	F	F	F	F	T	F	F
102206	CARD	F	NO	21700	2	41	4	T	F	F	T	F	F	F	F	F	F	F	F
44235	CASH	F	YES	23200	2	41	4	F	F	T	F	F	F	T	T	F	F	T	F
88019	CHEQUE	M	YES	23300	2	41	4	T	F	F	F	F	F	F	F	F	F	F	F
66886	CASH	M	YES	25100	2	41	4	T	F	T	F	T	F	F	F	F	F	F	F
94531	CASH	M	YES	27800	2	41	4	F	T	F	F	T	T	F	F	F	F	F	F
47343	CARD	F	YES	28300	2	41	4	F	T	F	F	F	T	F	T	F	F	T	F
44887	CARD	M	YES	28400	2	41	4	T	F	F	F	F	F	F	F	F	F	F	F
93037	CASH	F	NO	29500	2	41	4	F	F	F	T	F	F	F	T	F	T	F	F
94754	CASH	F	NO	29700	2	41	4	F	F	F	T	T	F	F	T	T	T	T	F
27306	CHEQUE	F	NO	10600	1	42	4	T	F	F	T	F	T	T	F	T	F	T	T
62060	CARD	M	YES	11100	1	42	4	F	F	F	T	F	T	T	F	F	F	F	T
95655	CASH	F	NO	13500	1	42	4	F	F	F	T	F	T	F	F	T	T	F	F
64215	CASH	M	NO	15300	1	42	4	T	F	F	T	T	T	T	F	F	F	F	T
29095	CHEQUE	M	NO	15900	1	42	4	F	F	F	T	F	T	T	T	F	F	F	T
38014	CHEQUE	F	NO	16000	1	42	4	F	T	F	T	T	T	F	F	T	F	F	F
105601	CARD	M	YES	16100	1	42	4	F	F	F	T	T	T	T	F	F	F	F	T
40542	CARD	F	NO	16300	1	42	4	F	F	F	F	F	F	F	F	F	F	F	F
101100	CARD	M	YES	16600	1	42	4	F	F	F	T	F	T	T	T	F	F	F	T
94108	CASH	M	NO	18500	1	42	4	F	F	T	F	F	F	F	T	T	F	F	F
32083	CHEQUE	M	NO	18800	1	42	4	F	T	T	F	T	F	F	F	F	F	F	F
104011	CARD	F	NO	19100	1	42	4	F	F	F	F	F	F	F	T	T	F	F	F
41132	CHEQUE	F	NO	19900	1	42	4	F	F	F	T	F	F	F	F	F	F	T	F
40282	CASH	F	YES	20500	2	42	4	F	F	T	F	F	T	F	T	F	F	T	F
57068	CHEQUE	M	NO	20900	2	42	4	F	F	T	F	F	F	F	F	F	F	F	F
70428	CARD	F	NO	21600	2	42	4	F	F	T	T	F	F	T	T	T	F	F	F
82753	CHEQUE	F	YES	23200	2	42	4	T	T	T	F	F	F	F	T	F	F	T	F
50180	CASH	M	YES	23700	2	42	4	F	F	F	T	T	F	F	F	T	F	T	F
11230	CASH	M	NO	24400	2	42	4	F	F	T	F	F	F	F	F	F	T	T	F
73259	CARD	F	NO	24700	2	42	4	T	F	F	F	T	F	F	F	F	F	F	F
98626	CHEQUE	F	YES	24800	2	42	4	F	F	T	T	F	F	F	F	F	T	T	F
35707	CASH	M	NO	25300	2	42	4	F	F	F	F	F	F	F	F	T	T	F	F
71140	CARD	M	YES	25800	2	42	4	F	F	F	F	F	F	T	F	F	F	F	F
71462	CARD	F	YES	26300	2	42	4	F	T	F	F	F	F	F	T	F	F	T	F
17470	CASH	F	NO	26900	2	42	4	F	F	F	F	F	T	T	F	F	T	T	T
99025	CARD	M	YES	27400	2	42	4	F	T	F	F	F	F	F	F	F	F	F	F
56677	CASH	F	NO	27800	2	42	4	T	F	F	F	F	F	F	F	F	F	F	F
95443	CARD	M	YES	29000	2	42	4	T	F	F	F	F	F	F	T	F	F	F	F
87250	CARD	F	YES	11700	1	43	4	F	T	F	F	F	F	F	F	F	F	F	F
66988	CARD	M	YES	12300	1	43	4	F	F	F	T	F	T	T	F	F	T	F	T
79632	CARD	M	NO	13000	1	43	4	F	F	F	T	F	T	T	F	F	F	F	T
71832	CARD	F	NO	13300	1	43	4	F	F	F	F	T	F	F	F	F	T	F	F
86217	CARD	M	YES	14300	1	43	4	F	F	F	T	F	T	T	F	F	F	F	T
49225	CARD	F	YES	16300	1	43	4	F	F	F	F	F	F	F	F	F	F	F	F
62455	CARD	F	YES	16800	1	43	4	F	F	F	F	F	F	F	F	F	T	F	F
57851	CASH	F	YES	18700	1	43	4	T	F	F	F	T	F	T	F	F	F	T	F
65493	CASH	M	YES	19900	1	43	4	F	F	F	F	F	F	F	F	T	F	F	F
29625	CASH	M	YES	20300	2	43	4	F	F	F	F	F	F	F	F	F	F	F	F
96512	CARD	F	NO	20500	2	43	4	T	F	F	F	F	F	T	T	F	F	T	F
39221	CARD	M	NO	23100	2	43	4	F	T	F	F	T	F	F	F	F	F	F	F
23380	CHEQUE	M	NO	23200	2	43	4	F	F	F	F	F	F	F	F	F	T	F	F
28061	CARD	F	YES	23200	2	43	4	F	T	F	T	F	F	F	T	F	F	T	F
95921	CASH	F	YES	23300	2	43	4	T	F	F	F	F	F	F	T	F	F	T	F
105429	CASH	M	NO	23300	2	43	4	T	T	F	F	F	T	F	F	F	F	F	F
67211	CARD	F	NO	23600	2	43	4	F	F	F	F	F	F	F	F	F	F	F	F
83439	CARD	F	YES	24300	2	43	4	F	F	F	F	T	F	F	T	F	T	T	F
47136	CASH	F	NO	24400	2	43	4	F	F	F	F	F	F	F	F	F	T	F	F
33173	CASH	F	YES	24700	2	43	4	F	F	F	F	F	F	F	T	F	F	T	F
107080	CARD	F	NO	25100	2	43	4	F	F	F	T	F	F	F	F	F	F	F	F
104165	CARD	M	NO	25400	2	43	4	F	F	F	F	F	F	F	T	F	F	F	F
84937	CHEQUE	F	NO	25500	2	43	4	T	F	F	F	F	F	T	F	F	F	F	F
18334	CASH	F	NO	25900	2	43	4	F	F	F	F	F	T	F	T	F	F	T	F
70998	CARD	M	YES	27300	2	43	4	F	F	T	F	T	T	F	F	F	T	F	F
80617	CHEQUE	F	YES	28000	2	43	4	F	F	F	F	F	F	F	F	T	T	F	F
20158	CHEQUE	M	YES	29000	2	43	4	F	F	F	F	T	F	F	F	F	T	F	F
47251	CARD	F	YES	29100	2	43	4	T	T	F	T	F	F	F	T	T	T	T	F
95604	CHEQUE	M	NO	11600	1	44	4	F	F	F	T	T	T	T	T	F	T	F	T
83340	CASH	F	YES	12500	1	44	4	F	F	F	F	F	F	T	T	T	F	F	F
43498	CHEQUE	F	YES	17000	1	44	4	F	F	F	F	F	F	F	F	F	F	F	F
107876	CHEQUE	M	NO	17600	1	44	4	F	F	F	F	F	F	T	T	F	T	F	F
10236	CASH	F	YES	17700	1	44	4	F	F	F	F	F	T	T	F	F	F	F	T
61309	CHEQUE	M	YES	18100	1	44	4	F	F	F	F	T	F	F	T	F	F	F	F
67697	CARD	M	NO	18200	1	44	4	F	F	T	F	F	T	F	F	F	F	F	F
106494	CARD	F	YES	18700	1	44	4	T	F	F	F	F	F	T	T	F	F	F	F
106654	CHEQUE	M	YES	19000	1	44	4	F	F	F	F	F	T	F	F	T	F	F	F
75971	CARD	M	YES	19800	1	44	4	T	F	T	F	F	F	F	F	F	F	F	F
58343	CARD	M	YES	20700	2	44	4	F	F	T	F	F	F	F	F	F	F	T	F
99347	CARD	F	YES	23100	2	44	4	F	T	T	T	F	F	F	T	F	F	T	F
19999	CARD	F	NO	23600	2	44	4	T	F	F	T	F	T	F	F	F	T	F	F
94105	CARD	M	YES	24100	2	44	4	F	T	F	F	F	F	F	F	T	F	F	F
27166	CASH	F	YES	25100	2	44	4	F	F	F	F	F	F	F	F	F	F	F	F
44775	CHEQUE	F	NO	26400	2	44	4	T	F	F	F	F	F	T	T	F	T	F	F
108596	CARD	M	NO	27600	2	44	4	F	F	F	F	T	F	T	F	F	F	F	F
66651	CHEQUE	F	YES	27900	2	44	4	F	F	F	F	F	F	F	F	F	F	F	F
20521	CASH	M	NO	28200	2	44	4	T	F	F	T	F	F	F	T	F	F	F	F
103546	CARD	M	NO	28500	2	44	4	F	F	F	F	F	F	F	F	F	F	F	F
43228	CASH	M	NO	28600	2	44	4	T	F	F	F	F	F	F	F	F	F	F	F
54314	CASH	F	YES	28700	2	44	4	F	T	F	F	F	F	F	F	F	F	F	F
71276	CARD	F	NO	10300	1	45	4	F	F	F	T	F	T	T	F	F	F	F	T
14514	CARD	F	YES	11000	1	45	4	F	F	F	F	T	F	F	F	T	F	F	F
19613	CARD	F	YES	11000	1	45	4	F	F	F	F	T	F	F	F	F	F	F	F
47307	CARD	F	NO	11400	1	45	4	F	F	F	F	F	F	F	F	F	F	F	F
30423	CHEQUE	F	YES	12200	1	45	4	F	F	F	F	F	F	F	F	T	F	T	F
79384	CARD	F	NO	12600	1	45	4	F	F	F	F	F	F	F	F	F	T	F	F
63829	CARD	F	NO	13100	1	45	4	F	F	F	F	F	F	T	F	F	F	T	F
91913	CASH	M	NO	13200	1	45	4	F	F	F	F	F	F	T	F	T	F	F	F
20844	CASH	F	YES	13600	1	45	4	F	F	F	F	T	F	F	F	F	F	F	F
17110	CASH	M	YES	14700	1	45	4	F	F	F	T	T	T	T	F	F	F	F	T
80954	CASH	M	NO	14800	1	45	4	F	F	T	T	F	T	T	F	F	F	F	T
23037	CASH	F	YES	15700	1	45	4	T	F	F	T	F	F	F	F	T	F	F	F
17064	CHEQUE	F	YES	15800	1	45	4	F	F	F	F	F	F	T	F	F	F	F	F
69774	CASH	M	YES	15900	1	45	4	F	F	F	T	F	T	T	T	T	F	F	T
74876	CASH	M	YES	17100	1	45	4	F	F	T	F	F	F	T	F	F	F	T	F
50087	CARD	F	NO	17300	1	45	4	F	F	F	F	F	F	F	T	F	F	F	F
26130	CHEQUE	F	NO	18400	1	45	4	F	F	F	T	F	F	F	T	F	F	F	F
106792	CASH	M	NO	18800	1	45	4	F	F	F	F	F	F	F	F	F	F	F	F
15663	CARD	F	YES	19700	1	45	4	F	F	F	F	F	F	T	F	F	F	F	F
21787	CASH	M	NO	19700	1	45	4	F	F	F	F	F	F	F	F	F	T	F	F
68104	CHEQUE	F	NO	20800	2	45	4	F	F	F	T	F	T	T	F	F	T	F	T
91545	CARD	M	YES	22800	2	45	4	F	F	T	F	F	F	F	F	F	F	F	F
58235	CASH	F	NO	23400	2	45	4	F	F	F	T	F	F	F	T	F	F	T	F
60240	CASH	M	YES	23800	2	45	4	F	F	F	F	F	F	F	F	F	F	F	F
40579	CASH	F	YES	24600	2	45	4	F	F	F	F	F	F	F	T	F	F	T	F
40690	CASH	M	NO	24800	2	45	4	F	F	F	T	F	T	F	F	T	F	F	F
28528	CHEQUE	F	YES	27600	2	45	4	F	F	F	F	T	F	F	T	F	F	T	F
62993	CARD	F	YES	27800	2	45	4	F	F	T	F	F	F	F	F	F	F	F	F
104327	CHEQUE	F	NO	28000	2	45	4	F	F	F	T	F	F	F	T	F	F	F	F
105007	CARD	F	NO	28300	2	45	4	F	F	T	F	F	F	F	T	F	F	T	F
24493	CARD	M	YES	28600	2	45	4	T	T	F	F	F	F	F	F	F	T	F	F
71254	CHEQUE	F	YES	29400	2	45	4	F	T	F	F	F	T	F	F	F	F	F	F
102934	CHEQUE	F	NO	29400	2	45	4	T	F	F	F	F	F	F	T	F	F	T	F
50645	CHEQUE	F	YES	30000	3	45	4	F	T	F	F	F	T	F	F	F	F	F	F
10944	CARD	M	NO	10500	1	46	4	F	T	T	T	F	T	T	F	F	F	F	T
76095	CHEQUE	M	YES	11000	1	46	4	F	F	F	T	F	T	T	F	F	F	F	T
15177	CARD	F	NO	11700	1	46	4	F	F	F	F	F	F	F	F	F	F	T	F
61869	CASH	M	NO	12100	1	46	4	T	F	F	T	F	T	T	T	F	F	F	T
64892	CASH	F	YES	12900	1	46	4	F	F	F	F	F	T	F	T	F	F	F	F
70359	CHEQUE	F	YES	14400	1	46	4	T	F	F	F	F	F	F	F	F	T	F	F
71887	CASH	M	NO	14700	1	46	4	F	T	F	T	F	T	T	T	F	T	T	T
46054	CARD	M	NO	15000	1	46	4	F	T	F	T	T	T	T	F	T	F	T	T
32669	CASH	M	YES	15600	1	46	4	T	F	F	F	F	T	F	F	F	F	F	F
17939	CASH	F	NO	16900	1	46	4	F	F	F	F	F	T	F	F	F	F	F	F
47547	CASH	F	YES	16900	1	46	4	F	F	F	F	F	F	F	F	T	F	F	F
70858	CASH	M	YES	17600	1	46	4	T	T	F	T	F	F	F	F	F	T	T	F
103316	CASH	M	YES	17900	1	46	4	F	T	F	F	F	F	F	F	F	F	T	F
58566	CASH	M	NO	18700	1	46	4	F	T	F	F	F	F	F	F	T	F	F	F
50633	CHEQUE	M	YES	19200	1	46	4	F	F	F	F	F	F	F	F	F	F	T	F
54172	CHEQUE	F	YES	19800	1	46	4	F	T	F	F	F	F	T	F	F	T	F	F
102887	CHEQUE	M	NO	20300	2	46	4	T	F	F	F	F	T	F	F	F	F	F	F
68438	CASH	F	YES	21700	2	46	4	T	F	F	F	F	F	F	F	F	F	T	F
67063	CARD	F	YES	23300	2	46	4	F	T	F	F	F	F	F	T	T	T	T	F
39042	CASH	F	NO	24200	2	46	4	F	F	F	F	T	F	F	T	F	F	T	F
79039	CARD	M	NO	25400	2	46	4	F	F	T	F	F	F	F	F	F	F	F	F
85585	CARD	F	YES	26300	2	46	4	F	F	F	F	F	F	F	T	T	F	T	F
37567	CARD	M	NO	26400	2	46	4	F	T	T	F	F	T	F	F	F	F	F	F
24874	CASH	F	YES	26700	2	46	4	T	T	T	F	F	F	F	T	F	F	T	F
39808	CHEQUE	M	NO	27000	2	46	4	F	T	T	F	F	F	F	F	F	F	T	F
29343	CHEQUE	F	NO	27300	2	46	4	T	T	F	F	F	F	F	T	F	F	T	F
28935	CHEQUE	F	NO	29500	2	46	4	T	F	F	F	F	T	F	F	F	F	F	F
43550	CASH	M	NO	10200	1	47	4	F	F	F	T	F	T	T	F	T	F	F	T
64281	CARD	M	NO	11000	1	47	4	T	F	T	T	F	T	T	T	F	T	F	T
51384	CASH	F	NO	11200	1	47	4	F	F	F	F	F	F	F	F	F	T	F	F
51939	CARD	M	YES	11500	1	47	4	F	F	F	T	F	T	T	T	F	F	F	T
60159	CARD	M	NO	11600	1	47	4	F	F	F	T	F	T	T	F	F	F	F	T
18917	CARD	M	NO	12100	1	47	4	F	T	T	T	F	T	T	F	F	F	T	T
55295	CARD	F	NO	12400	1	47	4	T	F	T	F	T	T	F	F	F	F	F	F
84180	CHEQUE	M	YES	12800	1	47	4	F	F	F	T	F	T	T	F	F	F	F	T
33891	CARD	F	YES	13100	1	47	4	F	T	F	F	F	F	F	F	F	T	F	F
96289	CARD	M	NO	13900	1	47	4	T	F	F	T	F	T	T	F	F	F	F	T
94864	CHEQUE	F	NO	14200	1	47	4	F	F	F	F	F	F	F	T	F	F	F	F
102215	CASH	M	YES	14400	1	47	4	F	F	F	T	F	T	T	F	F	F	F	T
83102	CASH	M	YES	14600	1	47	4	F	F	F	T	F	T	T	F	F	T	F	T
17830	CARD	F	NO	15100	1	47	4	T	F	F	F	T	F	T	F	F	T	F	F
23845	CARD	F	YES	15400	1	47	4	F	F	T	F	F	F	T	F	F	F	F	F
27682	CHEQUE	F	YES	15500	1	47	4	F	F	F	F	F	F	T	F	F	T	T	F
90360	CASH	F	NO	16000	1	47	4	F	F	F	F	T	T	T	F	F	F	F	T
83003	CHEQUE	F	YES	17100	1	47	4	F	F	F	F	F	F	F	F	T	F	F	F
31033	CARD	M	NO	17800	1	47	4	F	F	T	F	F	F	F	T	F	F	T	F
83883	CARD	F	YES	17800	1	47	4	F	F	F	F	F	F	F	T	F	F	T	F
92675	CHEQUE	F	NO	18100	1	47	4	F	T	F	F	F	F	F	F	F	F	F	F
72849	CARD	M	NO	19100	1	47	4	T	F	F	F	T	F	T	F	F	F	F	F
70664	CASH	M	NO	22600	2	47	4	F	F	F	F	F	F	F	F	F	F	F	F
52451	CHEQUE	M	NO	22800	2	47	4	F	T	T	F	F	F	F	T	F	F	F	F
40459	CARD	F	NO	23700	2	47	4	F	F	T	F	F	F	F	T	F	F	T	F
78626	CASH	M	NO	23700	2	47	4	F	T	F	F	F	T	F	F	F	F	F	F
42459	CARD	F	YES	23800	2	47	4	F	F	F	F	T	T	F	T	T	F	T	F
85475	CARD	M	YES	24500	2	47	4	T	F	F	F	F	F	F	T	F	F	F	F
101544	CARD	M	NO	25100	2	47	4	T	F	F	F	T	T	F	F	F	F	F	F
10902	CARD	M	NO	25300	2	47	4	T	F	F	F	F	F	F	T	F	F	F	F
26396	CARD	M	YES	27100	2	47	4	F	F	F	T	F	F	F	F	F	F	F	F
80198	CARD	F	NO	28300	2	47	4	F	F	F	F	F	F	T	T	F	F	T	F
89484	CARD	M	NO	28600	2	47	4	F	F	F	T	F	F	T	F	F	F	F	F
53953	CARD	F	NO	11100	1	48	4	T	T	F	F	F	F	F	F	T	F	F	F
63779	CHEQUE	F	NO	11300	1	48	4	F	F	F	F	F	F	F	F	T	F	F	F
81836	CHEQUE	M	NO	11800	1	48	4	F	F	F	F	F	T	F	F	T	T	F	F
63452	CASH	M	NO	12000	1	48	4	F	F	F	T	T	T	T	F	F	F	F	T
14743	CASH	M	YES	12400	1	48	4	T	T	T	T	T	T	T	T	F	F	F	T
72200	CASH	F	NO	14400	1	48	4	T	F	T	F	F	F	F	F	F	T	F	F
56258	CARD	F	NO	14500	1	48	4	T	F	F	F	F	F	F	T	T	F	F	F
66711	CASH	F	NO	15400	1	48	4	F	F	T	F	F	F	F	F	F	F	F	F
23682	CHEQUE	M	YES	16800	1	48	4	F	F	F	T	F	T	T	T	F	F	F	T
84605	CHEQUE	F	YES	17300	1	48	4	T	F	F	F	F	F	F	F	F	F	F	F
36364	CARD	F	YES	17600	1	48	4	F	F	F	F	T	F	F	F	F	T	F	F
33172	CARD	M	YES	19700	1	48	4	F	T	F	F	F	F	F	F	F	F	T	F
45019	CARD	M	NO	19800	1	48	4	F	T	F	F	F	F	F	F	F	F	F	F
60755	CASH	F	YES	20000	2	48	4	T	F	F	F	F	F	F	F	F	T	F	F
13325	CARD	F	NO	20500	2	48	4	F	F	F	F	F	F	F	T	F	T	T	F
85472	CARD	F	YES	20800	2	48	4	F	F	T	F	F	F	F	F	F	T	T	F
84092	CARD	F	NO	22000	2	48	4	T	F	T	F	F	T	F	T	T	T	T	F
38600	CARD	M	NO	22500	2	48	4	F	F	F	F	F	F	F	T	F	F	T	F
41996	CARD	F	YES	23900	2	48	4	F	F	T	F	F	F	F	F	F	F	T	F
65418	CASH	F	YES	24600	2	48	4	F	F	F	F	F	F	F	T	F	F	T	F
27496	CARD	F	NO	25700	2	48	4	F	F	F	F	F	T	T	F	F	F	T	T
56452	CHEQUE	M	NO	25700	2	48	4	T	T	F	F	T	F	F	F	F	F	T	F
65225	CHEQUE	F	YES	25900	2	48	4	F	F	T	F	F	F	F	F	F	F	F	F
25774	CASH	F	YES	26700	2	48	4	F	T	F	T	T	F	F	T	T	T	T	F
102467	CARD	F	YES	26700	2	48	4	F	F	F	T	T	F	T	T	F	F	F	F
57952	CHEQUE	F	NO	26900	2	48	4	F	F	F	T	F	F	F	T	F	F	T	F
97967	CASH	F	NO	27600	2	48	4	F	F	F	F	F	F	F	F	T	T	F	F
28313	CASH	F	NO	27700	2	48	4	T	F	F	F	F	F	F	T	F	F	T	F
34750	CARD	F	NO	27800	2	48	4	T	F	F	T	T	F	T	F	F	F	F	F
78639	CASH	M	NO	27900	2	48	4	F	F	F	F	F	F	F	F	F	T	F	F
11818	CARD	F	YES	29200	2	48	4	F	T	F	F	F	F	F	F	F	F	F	F
57207	CHEQUE	M	YES	29700	2	48	4	F	F	T	F	F	F	F	T	F	F	T	F
48893	CHEQUE	F	YES	10600	1	49	4	F	F	F	F	F	F	F	F	F	F	T	F
64668	CASH	M	NO	11200	1	49	4	F	F	T	T	T	T	T	F	T	F	F	T
81745	CARD	F	YES	12400	1	49	4	F	F	T	F	F	F	F	F	T	F	F	F
97287	CHEQUE	M	NO	13800	1	49	4	F	F	F	T	F	T	T	T	F	T	F	T
96982	CARD	M	YES	15300	1	49	4	T	F	F	T	F	T	T	F	F	F	F	T
61618	CHEQUE	F	YES	15600	1	49	4	F	F	F	T	F	F	F	F	F	F	T	F
18920	CASH	M	NO	15800	1	49	4	F	F	F	T	F	F	F	T	T	F	F	F
45992	CASH	F	YES	16500	1	49	4	F	F	F	F	F	F	F	F	F	F	F	F
99387	CASH	F	NO	16500	1	49	4	F	T	F	F	T	F	F	F	F	F	T	F
94467	CASH	M	YES	16600	1	49	4	F	F	F	T	F	T	T	F	T	T	F	T
26291	CARD	F	YES	17100	1	49	4	F	T	F	F	F	F	F	T	T	F	F	F
103325	CARD	F	NO	17100	1	49	4	F	F	F	F	F	T	F	F	F	F	F	F
108601	CASH	M	NO	17100	1	49	4	F	F	F	F	F	F	F	T	F	T	F	F
17590	CARD	M	YES	17200	1	49	4	F	F	F	F	F	F	F	F	F	F	F	F
61329	CARD	F	YES	17200	1	49	4	T	F	F	F	F	F	F	F	F	F	F	F
47421	CASH	M	YES	17400	1	49	4	F	F	F	F	F	F	F	F	F	F	F	F
39817	CASH	F	YES	17500	1	49	4	F	F	F	F	F	F	T	F	F	F	F	F
37305	CARD	M	NO	18200	1	49	4	F	F	F	F	F	F	F	F	F	F	F	F
86350	CARD	F	NO	18200	1	49	4	F	F	F	F	F	T	F	F	T	F	F	F
36857	CASH	M	YES	19100	1	49	4	F	T	F	F	F	F	F	F	F	F	F	F
15109	CARD	M	YES	19500	1	49	4	F	F	F	F	F	T	F	F	F	F	F	F
57101	CARD	M	YES	19800	1	49	4	T	F	F	F	F	T	F	F	F	F	F	F
34605	CARD	F	YES	22000	2	49	4	F	F	F	T	T	F	F	T	T	F	T	F
75118	CHEQUE	F	YES	22200	2	49	4	F	F	F	F	T	F	F	F	F	F	F	F
43962	CHEQUE	M	NO	22600	2	49	4	F	F	F	F	F	F	F	F	F	T	F	F
12800	CARD	F	YES	23000	2	49	4	T	F	F	F	F	F	F	F	F	F	F	F
23501	CASH	M	YES	23000	2	49	4	F	F	F	F	F	F	F	T	T	T	T	F
109048	CARD	M	NO	24700	2	49	4	T	F	F	T	F	F	T	T	F	T	F	F
42653	CARD	M	YES	25300	2	49	4	F	F	F	F	F	F	F	F	T	F	F	F
71604	CARD	M	YES	25600	2	49	4	F	F	T	F	F	F	T	F	F	T	F	F
107728	CHEQUE	F	NO	26800	2	49	4	F	T	F	F	F	T	T	T	F	F	F	T
64861	CASH	M	YES	27200	2	49	4	F	F	T	F	F	T	T	F	F	F	T	T
39581	CASH	F	YES	27900	2	49	4	F	F	F	F	F	F	F	F	F	F	F	F
61270	CARD	M	NO	28500	2	49	4	F	F	F	F	F	F	F	T	F	F	F	F
99046	CASH	M	NO	29200	2	49	4	F	F	F	F	F	F	T	F	T	F	F	F
48247	CHEQUE	F	NO	11000	1	50	5	F	F	F	F	F	F	F	F	F	F	F	F
44825	CARD	F	NO	12600	1	50	5	F	T	F	F	F	F	F	F	F	T	T	F
86681	CHEQUE	F	NO	13500	1	50	5	F	F	F	F	F	F	F	F	F	F	F	F
59580	CASH	M	YES	14200	1	50	5	T	F	T	T	F	T	T	F	F	F	F	T
66618	CASH	F	NO	15300	1	50	5	T	T	F	T	T	F	F	F	F	F	F	F
48783	CARD	M	NO	16500	1	50	5	T	F	F	T	F	T	T	F	F	F	F	T
105095	CASH	F	YES	18000	1	50	5	F	T	F	F	F	F	F	F	T	F	F	F
79890	CHEQUE	F	NO	18100	1	50	5	F	F	T	F	F	F	F	F	F	T	F	F
24210	CARD	F	YES	18300	1	50	5	F	F	F	T	F	T	F	F	F	F	F	F
79535	CARD	F	NO	18400	1	50	5	F	F	F	F	T	F	F	F	F	F	F	F
55552	CARD	M	YES	19800	1	50	5	T	F	F	F	F	F	F	F	F	T	F	F
30989	CARD	F	NO	19900	1	50	5	F	F	F	F	F	F	F	F	F	F	T	F
106585	CASH	M	NO	21000	2	50	5	F	F	F	T	T	F	T	F	F	F	F	F
58154	CHEQUE	M	NO	21300	2	50	5	F	F	F	F	T	F	F	F	F	F	F	F
15068	CHEQUE	M	YES	21400	2	50	5	F	F	F	F	F	F	T	F	F	F	F	F
44594	CASH	F	YES	23400	2	50	5	F	F	F	F	F	F	F	T	F	F	T	F
45375	CARD	M	NO	25100	2	50	5	F	F	F	F	T	T	F	F	F	F	F	F
13518	CARD	F	YES	25400	2	50	5	F	F	F	F	F	F	F	F	F	F	F	F
40505	CARD	F	NO	25400	2	50	5	F	T	T	F	F	F	F	T	F	F	T	F
58914	CARD	F	YES	25500	2	50	5	F	F	F	F	F	T	F	F	F	F	F	F
34593	CARD	M	YES	26800	2	50	5	F	F	T	F	T	T	F	T	F	F	F	F
75792	CASH	M	NO	27000	2	50	5	F	F	F	F	F	F	F	T	F	F	F	F
109061	CASH	F	NO	27800	2	50	5	F	T	F	F	F	F	F	T	F	F	T	F
44562	CHEQUE	F	YES	28600	2	50	5	F	F	F	F	F	T	F	F	T	F	F	F
84902	CARD	M	YES	29600	2	50	5	F	F	F	F	F	T	F	F	F	F	F	F
28233	CASH	F	YES	29900	2	50	5	T	F	F	F	F	F	T	T	F	T	T	F